"County","Latitude","Longitude","Datum","AQI"
"Bronx",40.816,-73.902,"WGS84",17
"Bronx",40.816,-73.902,"WGS84",38
"Bronx",40.816,-73.902,"WGS84",36
"Bronx",40.816,-73.902,"WGS84",28
"Bronx",40.816,-73.902,"WGS84",19
"Bronx",40.816,-73.902,"WGS84",34
"Bronx",40.816,-73.902,"WGS84",36
"Bronx",40.816,-73.902,"WGS84",28
"Bronx",40.816,-73.902,"WGS84",40
"Bronx",40.816,-73.902,"WGS84",39
"Bronx",40.816,-73.902,"WGS84",39
"Bronx",40.816,-73.902,"WGS84",16
"Bronx",40.816,-73.902,"WGS84",27
"Bronx",40.816,-73.902,"WGS84",26
"Bronx",40.816,-73.902,"WGS84",40
"Bronx",40.816,-73.902,"WGS84",25
"Bronx",40.816,-73.902,"WGS84",14
"Bronx",40.816,-73.902,"WGS84",42
"Bronx",40.816,-73.902,"WGS84",21
"Bronx",40.816,-73.902,"WGS84",18
"Bronx",40.816,-73.902,"WGS84",30
"Bronx",40.816,-73.902,"WGS84",61
"Bronx",40.816,-73.902,"WGS84",50
"Bronx",40.816,-73.902,"WGS84",61
"Bronx",40.816,-73.902,"WGS84",31
"Bronx",40.816,-73.902,"WGS84",22
"Bronx",40.816,-73.902,"WGS84",25
"Bronx",40.816,-73.902,"WGS84",18
"Bronx",40.816,-73.902,"WGS84",23
"Bronx",40.816,-73.902,"WGS84",38
"Bronx",40.816,-73.902,"WGS84",43
"Bronx",40.816,-73.902,"WGS84",40
"Bronx",40.816,-73.902,"WGS84",28
"Bronx",40.816,-73.902,"WGS84",49
"Bronx",40.816,-73.902,"WGS84",46
"Bronx",40.816,-73.902,"WGS84",23
"Bronx",40.816,-73.902,"WGS84",22
"Bronx",40.816,-73.902,"WGS84",31
"Bronx",40.816,-73.902,"WGS84",32
"Bronx",40.816,-73.902,"WGS84",42
"Bronx",40.816,-73.902,"WGS84",32
"Bronx",40.816,-73.902,"WGS84",34
"Bronx",40.816,-73.902,"WGS84",28
"Bronx",40.816,-73.902,"WGS84",45
"Bronx",40.816,-73.902,"WGS84",15
"Bronx",40.816,-73.902,"WGS84",26
"Bronx",40.816,-73.902,"WGS84",46
"Bronx",40.816,-73.902,"WGS84",31
"Bronx",40.816,-73.902,"WGS84",32
"Bronx",40.816,-73.902,"WGS84",30
"Bronx",40.816,-73.902,"WGS84",17
"Bronx",40.816,-73.902,"WGS84",29
"Bronx",40.816,-73.902,"WGS84",42
"Bronx",40.816,-73.902,"WGS84",49
"Bronx",40.816,-73.902,"WGS84",54
"Bronx",40.816,-73.902,"WGS84",41
"Bronx",40.816,-73.902,"WGS84",30
"Bronx",40.816,-73.902,"WGS84",21
"Bronx",40.816,-73.902,"WGS84",20
"Bronx",40.816,-73.902,"WGS84",16
"Bronx",40.816,-73.902,"WGS84",42
"Bronx",40.816,-73.902,"WGS84",46
"Bronx",40.816,-73.902,"WGS84",35
"Bronx",40.816,-73.902,"WGS84",21
"Bronx",40.816,-73.902,"WGS84",26
"Bronx",40.816,-73.902,"WGS84",39
"Bronx",40.816,-73.902,"WGS84",15
"Bronx",40.816,-73.902,"WGS84",23
"Bronx",40.816,-73.902,"WGS84",41
"Bronx",40.816,-73.902,"WGS84",35
"Bronx",40.816,-73.902,"WGS84",42
"Bronx",40.816,-73.902,"WGS84",56
"Bronx",40.816,-73.902,"WGS84",36
"Bronx",40.816,-73.902,"WGS84",13
"Bronx",40.816,-73.902,"WGS84",20
"Bronx",40.816,-73.902,"WGS84",21
"Bronx",40.816,-73.902,"WGS84",34
"Bronx",40.816,-73.902,"WGS84",25
"Bronx",40.816,-73.902,"WGS84",30
"Bronx",40.816,-73.902,"WGS84",37
"Bronx",40.816,-73.902,"WGS84",10
"Bronx",40.816,-73.902,"WGS84",15
"Bronx",40.816,-73.902,"WGS84",17
"Bronx",40.816,-73.902,"WGS84",23
"Bronx",40.816,-73.902,"WGS84",14
"Bronx",40.816,-73.902,"WGS84",32
"Bronx",40.816,-73.902,"WGS84",45
"Bronx",40.816,-73.902,"WGS84",16
"Bronx",40.816,-73.902,"WGS84",9
"Bronx",40.816,-73.902,"WGS84",27
"Bronx",40.816,-73.902,"WGS84",17
"Bronx",40.816,-73.902,"WGS84",16
"Bronx",40.816,-73.902,"WGS84",12
"Bronx",40.816,-73.902,"WGS84",9
"Bronx",40.816,-73.902,"WGS84",18
"Bronx",40.816,-73.902,"WGS84",35
"Bronx",40.816,-73.902,"WGS84",19
"Bronx",40.816,-73.902,"WGS84",31
"Bronx",40.816,-73.902,"WGS84",31
"Bronx",40.816,-73.902,"WGS84",35
"Bronx",40.816,-73.902,"WGS84",11
"Bronx",40.816,-73.902,"WGS84",22
"Bronx",40.816,-73.902,"WGS84",41
"Bronx",40.816,-73.902,"WGS84",13
"Bronx",40.816,-73.902,"WGS84",21
"Bronx",40.816,-73.902,"WGS84",16
"Bronx",40.816,-73.902,"WGS84",14
"Bronx",40.816,-73.902,"WGS84",22
"Bronx",40.816,-73.902,"WGS84",20
"Bronx",40.816,-73.902,"WGS84",27
"Bronx",40.816,-73.902,"WGS84",34
"Bronx",40.816,-73.902,"WGS84",28
"Bronx",40.816,-73.902,"WGS84",14
"Bronx",40.816,-73.902,"WGS84",25
"Bronx",40.816,-73.902,"WGS84",27
"Bronx",40.816,-73.902,"WGS84",38
"Bronx",40.816,-73.902,"WGS84",14
"Bronx",40.816,-73.902,"WGS84",13
"Bronx",40.816,-73.902,"WGS84",29
"Bronx",40.816,-73.902,"WGS84",30
"Bronx",40.816,-73.902,"WGS84",25
"Bronx",40.816,-73.902,"WGS84",29
"Bronx",40.816,-73.902,"WGS84",13
"Bronx",40.816,-73.902,"WGS84",20
"Bronx",40.816,-73.902,"WGS84",29
"Bronx",40.816,-73.902,"WGS84",24
"Bronx",40.816,-73.902,"WGS84",23
"Bronx",40.816,-73.902,"WGS84",20
"Bronx",40.816,-73.902,"WGS84",19
"Bronx",40.816,-73.902,"WGS84",11
"Bronx",40.816,-73.902,"WGS84",14
"Bronx",40.816,-73.902,"WGS84",36
"Bronx",40.816,-73.902,"WGS84",11
"Bronx",40.816,-73.902,"WGS84",40
"Bronx",40.816,-73.902,"WGS84",42
"Bronx",40.816,-73.902,"WGS84",25
"Bronx",40.816,-73.902,"WGS84",27
"Bronx",40.816,-73.902,"WGS84",9
"Bronx",40.816,-73.902,"WGS84",17
"Bronx",40.816,-73.902,"WGS84",13
"Bronx",40.816,-73.902,"WGS84",15
"Bronx",40.816,-73.902,"WGS84",25
"Bronx",40.816,-73.902,"WGS84",32
"Bronx",40.816,-73.902,"WGS84",17
"Bronx",40.816,-73.902,"WGS84",11
"Bronx",40.816,-73.902,"WGS84",27
"Bronx",40.816,-73.902,"WGS84",29
"Bronx",40.816,-73.902,"WGS84",17
"Bronx",40.816,-73.902,"WGS84",19
"Bronx",40.816,-73.902,"WGS84",19
"Bronx",40.816,-73.902,"WGS84",19
"Bronx",40.816,-73.902,"WGS84",4
"Bronx",40.816,-73.902,"WGS84",30
"Bronx",40.816,-73.902,"WGS84",32
"Bronx",40.816,-73.902,"WGS84",23
"Bronx",40.816,-73.902,"WGS84",39
"Bronx",40.816,-73.902,"WGS84",25
"Bronx",40.816,-73.902,"WGS84",26
"Bronx",40.816,-73.902,"WGS84",10
"Bronx",40.816,-73.902,"WGS84",32
"Bronx",40.816,-73.902,"WGS84",25
"Bronx",40.816,-73.902,"WGS84",16
"Bronx",40.816,-73.902,"WGS84",24
"Bronx",40.816,-73.902,"WGS84",15
"Bronx",40.816,-73.902,"WGS84",5
"Bronx",40.816,-73.902,"WGS84",11
"Bronx",40.816,-73.902,"WGS84",12
"Bronx",40.816,-73.902,"WGS84",19
"Bronx",40.816,-73.902,"WGS84",16
"Bronx",40.816,-73.902,"WGS84",15
"Bronx",40.816,-73.902,"WGS84",18
"Bronx",40.816,-73.902,"WGS84",25
"Bronx",40.816,-73.902,"WGS84",23
"Bronx",40.816,-73.902,"WGS84",24
"Bronx",40.816,-73.902,"WGS84",29
"Bronx",40.816,-73.902,"WGS84",18
"Bronx",40.816,-73.902,"WGS84",19
"Bronx",40.816,-73.902,"WGS84",27
"Bronx",40.816,-73.902,"WGS84",30
"Bronx",40.816,-73.902,"WGS84",22
"Bronx",40.816,-73.902,"WGS84",15
"Bronx",40.816,-73.902,"WGS84",16
"Bronx",40.816,-73.902,"WGS84",25
"Bronx",40.816,-73.902,"WGS84",31
"Bronx",40.816,-73.902,"WGS84",13
"Bronx",40.816,-73.902,"WGS84",10
"Bronx",40.816,-73.902,"WGS84",26
"Bronx",40.816,-73.902,"WGS84",36
"Bronx",40.816,-73.902,"WGS84",16
"Bronx",40.816,-73.902,"WGS84",20
"Bronx",40.816,-73.902,"WGS84",18
"Bronx",40.816,-73.902,"WGS84",8
"Bronx",40.816,-73.902,"WGS84",22
"Bronx",40.816,-73.902,"WGS84",10
"Bronx",40.816,-73.902,"WGS84",13
"Bronx",40.816,-73.902,"WGS84",10
"Bronx",40.816,-73.902,"WGS84",14
"Bronx",40.816,-73.902,"WGS84",10
"Bronx",40.816,-73.902,"WGS84",15
"Bronx",40.816,-73.902,"WGS84",22
"Bronx",40.816,-73.902,"WGS84",18
"Bronx",40.816,-73.902,"WGS84",17
"Bronx",40.816,-73.902,"WGS84",20
"Bronx",40.816,-73.902,"WGS84",31
"Bronx",40.816,-73.902,"WGS84",20
"Bronx",40.816,-73.902,"WGS84",24
"Bronx",40.816,-73.902,"WGS84",28
"Bronx",40.816,-73.902,"WGS84",17
"Bronx",40.816,-73.902,"WGS84",19
"Bronx",40.816,-73.902,"WGS84",17
"Bronx",40.816,-73.902,"WGS84",28
"Bronx",40.816,-73.902,"WGS84",24
"Bronx",40.816,-73.902,"WGS84",28
"Bronx",40.816,-73.902,"WGS84",47
"Bronx",40.816,-73.902,"WGS84",12
"Bronx",40.816,-73.902,"WGS84",26
"Bronx",40.816,-73.902,"WGS84",19
"Bronx",40.816,-73.902,"WGS84",21
"Bronx",40.816,-73.902,"WGS84",32
"Bronx",40.816,-73.902,"WGS84",33
"Bronx",40.816,-73.902,"WGS84",14
"Bronx",40.816,-73.902,"WGS84",18
"Bronx",40.816,-73.902,"WGS84",20
"Bronx",40.816,-73.902,"WGS84",22
"Bronx",40.816,-73.902,"WGS84",38
"Bronx",40.816,-73.902,"WGS84",33
"Bronx",40.816,-73.902,"WGS84",14
"Bronx",40.816,-73.902,"WGS84",9
"Bronx",40.816,-73.902,"WGS84",6
"Bronx",40.816,-73.902,"WGS84",25
"Bronx",40.816,-73.902,"WGS84",28
"Bronx",40.816,-73.902,"WGS84",42
"Bronx",40.816,-73.902,"WGS84",19
"Bronx",40.816,-73.902,"WGS84",20
"Bronx",40.816,-73.902,"WGS84",16
"Bronx",40.816,-73.902,"WGS84",19
"Bronx",40.816,-73.902,"WGS84",18
"Bronx",40.816,-73.902,"WGS84",18
"Bronx",40.816,-73.902,"WGS84",10
"Bronx",40.816,-73.902,"WGS84",26
"Bronx",40.816,-73.902,"WGS84",18
"Bronx",40.816,-73.902,"WGS84",18
"Bronx",40.816,-73.902,"WGS84",10
"Bronx",40.816,-73.902,"WGS84",15
"Bronx",40.816,-73.902,"WGS84",23
"Bronx",40.816,-73.902,"WGS84",21
"Bronx",40.816,-73.902,"WGS84",18
"Bronx",40.816,-73.902,"WGS84",17
"Bronx",40.816,-73.902,"WGS84",14
"Bronx",40.816,-73.902,"WGS84",15
"Bronx",40.816,-73.902,"WGS84",17
"Bronx",40.816,-73.902,"WGS84",27
"Bronx",40.816,-73.902,"WGS84",27
"Bronx",40.816,-73.902,"WGS84",24
"Bronx",40.816,-73.902,"WGS84",24
"Bronx",40.816,-73.902,"WGS84",9
"Bronx",40.816,-73.902,"WGS84",11
"Bronx",40.816,-73.902,"WGS84",11
"Bronx",40.816,-73.902,"WGS84",19
"Bronx",40.816,-73.902,"WGS84",29
"Bronx",40.816,-73.902,"WGS84",25
"Bronx",40.816,-73.902,"WGS84",7
"Bronx",40.816,-73.902,"WGS84",12
"Bronx",40.816,-73.902,"WGS84",14
"Bronx",40.816,-73.902,"WGS84",23
"Bronx",40.816,-73.902,"WGS84",20
"Bronx",40.816,-73.902,"WGS84",29
"Bronx",40.816,-73.902,"WGS84",39
"Bronx",40.816,-73.902,"WGS84",37
"Bronx",40.816,-73.902,"WGS84",25
"Bronx",40.816,-73.902,"WGS84",18
"Bronx",40.816,-73.902,"WGS84",14
"Bronx",40.816,-73.902,"WGS84",20
"Bronx",40.816,-73.902,"WGS84",14
"Bronx",40.816,-73.902,"WGS84",20
"Bronx",40.816,-73.902,"WGS84",19
"Bronx",40.816,-73.902,"WGS84",20
"Bronx",40.816,-73.902,"WGS84",19
"Bronx",40.816,-73.902,"WGS84",22
"Bronx",40.816,-73.902,"WGS84",41
"Bronx",40.816,-73.902,"WGS84",21
"Bronx",40.816,-73.902,"WGS84",13
"Bronx",40.816,-73.902,"WGS84",23
"Bronx",40.816,-73.902,"WGS84",21
"Bronx",40.816,-73.902,"WGS84",11
"Bronx",40.816,-73.902,"WGS84",11
"Bronx",40.816,-73.902,"WGS84",11
"Bronx",40.816,-73.902,"WGS84",40
"Bronx",40.816,-73.902,"WGS84",40
"Bronx",40.816,-73.902,"WGS84",27
"Bronx",40.816,-73.902,"WGS84",36
"Bronx",40.816,-73.902,"WGS84",34
"Bronx",40.816,-73.902,"WGS84",30
"Bronx",40.816,-73.902,"WGS84",35
"Bronx",40.816,-73.902,"WGS84",23
"Bronx",40.816,-73.902,"WGS84",34
"Bronx",40.816,-73.902,"WGS84",27
"Bronx",40.816,-73.902,"WGS84",17
"Bronx",40.816,-73.902,"WGS84",16
"Bronx",40.816,-73.902,"WGS84",24
"Bronx",40.816,-73.902,"WGS84",24
"Bronx",40.816,-73.902,"WGS84",22
"Bronx",40.816,-73.902,"WGS84",20
"Bronx",40.816,-73.902,"WGS84",22
"Bronx",40.816,-73.902,"WGS84",23
"Bronx",40.816,-73.902,"WGS84",18
"Bronx",40.816,-73.902,"WGS84",17
"Bronx",40.816,-73.902,"WGS84",21
"Bronx",40.816,-73.902,"WGS84",34
"Bronx",40.816,-73.902,"WGS84",49
"Bronx",40.816,-73.902,"WGS84",44
"Bronx",40.816,-73.902,"WGS84",33
"Bronx",40.816,-73.902,"WGS84",74
"Bronx",40.816,-73.902,"WGS84",73
"Bronx",40.816,-73.902,"WGS84",34
"Bronx",40.816,-73.902,"WGS84",28
"Bronx",40.816,-73.902,"WGS84",22
"Bronx",40.816,-73.902,"WGS84",23
"Bronx",40.816,-73.902,"WGS84",22
"Bronx",40.816,-73.902,"WGS84",29
"Bronx",40.816,-73.902,"WGS84",31
"Bronx",40.816,-73.902,"WGS84",32
"Bronx",40.816,-73.902,"WGS84",14
"Bronx",40.816,-73.902,"WGS84",35
"Bronx",40.816,-73.902,"WGS84",38
"Bronx",40.816,-73.902,"WGS84",35
"Bronx",40.816,-73.902,"WGS84",16
"Bronx",40.816,-73.902,"WGS84",23
"Bronx",40.816,-73.902,"WGS84",28
"Bronx",40.816,-73.902,"WGS84",38
"Bronx",40.816,-73.902,"WGS84",34
"Bronx",40.816,-73.902,"WGS84",28
"Bronx",40.816,-73.902,"WGS84",25
"Bronx",40.816,-73.902,"WGS84",35
"Bronx",40.816,-73.902,"WGS84",31
"Bronx",40.816,-73.902,"WGS84",24
"Bronx",40.816,-73.902,"WGS84",18
"Bronx",40.816,-73.902,"WGS84",32
"Bronx",40.816,-73.902,"WGS84",31
"Bronx",40.816,-73.902,"WGS84",33
"Bronx",40.816,-73.902,"WGS84",14
"Bronx",40.816,-73.902,"WGS84",30
"Bronx",40.816,-73.902,"WGS84",17
"Bronx",40.816,-73.902,"WGS84",31
"Bronx",40.816,-73.902,"WGS84",34
"Bronx",40.816,-73.902,"WGS84",45
"Bronx",40.816,-73.902,"WGS84",40
"Bronx",40.816,-73.902,"WGS84",25
"Bronx",40.816,-73.902,"WGS84",24
"Bronx",40.816,-73.902,"WGS84",18
"Bronx",40.816,-73.902,"WGS84",24
"Bronx",40.816,-73.902,"WGS84",22
"Bronx",40.816,-73.902,"WGS84",30
"Bronx",40.816,-73.902,"WGS84",47
"Bronx",40.816,-73.902,"WGS84",42
"Bronx",40.816,-73.902,"WGS84",38
"Bronx",40.816,-73.902,"WGS84",31
"Bronx",40.816,-73.902,"WGS84",30
"Bronx",40.816,-73.902,"WGS84",38
"Bronx",40.816,-73.902,"WGS84",9
"Bronx",40.816,-73.902,"WGS84",12
"Bronx",40.816,-73.902,"WGS84",35
"Bronx",40.816,-73.902,"WGS84",40
"Bronx",40.816,-73.902,"WGS84",17
"Bronx",40.816,-73.902,"WGS84",40
"Bronx",40.816,-73.902,"WGS84",29
"Bronx",40.8679,-73.87809,"WGS84",13
"Bronx",40.8679,-73.87809,"WGS84",37
"Bronx",40.8679,-73.87809,"WGS84",33
"Bronx",40.8679,-73.87809,"WGS84",24
"Bronx",40.8679,-73.87809,"WGS84",18
"Bronx",40.8679,-73.87809,"WGS84",31
"Bronx",40.8679,-73.87809,"WGS84",34
"Bronx",40.8679,-73.87809,"WGS84",24
"Bronx",40.8679,-73.87809,"WGS84",36
"Bronx",40.8679,-73.87809,"WGS84",37
"Bronx",40.8679,-73.87809,"WGS84",35
"Bronx",40.8679,-73.87809,"WGS84",10
"Bronx",40.8679,-73.87809,"WGS84",24
"Bronx",40.8679,-73.87809,"WGS84",21
"Bronx",40.8679,-73.87809,"WGS84",33
"Bronx",40.8679,-73.87809,"WGS84",20
"Bronx",40.8679,-73.87809,"WGS84",12
"Bronx",40.8679,-73.87809,"WGS84",40
"Bronx",40.8679,-73.87809,"WGS84",16
"Bronx",40.8679,-73.87809,"WGS84",12
"Bronx",40.8679,-73.87809,"WGS84",16
"Bronx",40.8679,-73.87809,"WGS84",49
"Bronx",40.8679,-73.87809,"WGS84",44
"Bronx",40.8679,-73.87809,"WGS84",43
"Bronx",40.8679,-73.87809,"WGS84",28
"Bronx",40.8679,-73.87809,"WGS84",20
"Bronx",40.8679,-73.87809,"WGS84",23
"Bronx",40.8679,-73.87809,"WGS84",12
"Bronx",40.8679,-73.87809,"WGS84",17
"Bronx",40.8679,-73.87809,"WGS84",32
"Bronx",40.8679,-73.87809,"WGS84",37
"Bronx",40.8679,-73.87809,"WGS84",30
"Bronx",40.8679,-73.87809,"WGS84",23
"Bronx",40.8679,-73.87809,"WGS84",42
"Bronx",40.8679,-73.87809,"WGS84",43
"Bronx",40.8679,-73.87809,"WGS84",16
"Bronx",40.8679,-73.87809,"WGS84",18
"Bronx",40.8679,-73.87809,"WGS84",23
"Bronx",40.8679,-73.87809,"WGS84",26
"Bronx",40.8679,-73.87809,"WGS84",32
"Bronx",40.8679,-73.87809,"WGS84",32
"Bronx",40.8679,-73.87809,"WGS84",29
"Bronx",40.8679,-73.87809,"WGS84",24
"Bronx",40.8679,-73.87809,"WGS84",36
"Bronx",40.8679,-73.87809,"WGS84",15
"Bronx",40.8679,-73.87809,"WGS84",26
"Bronx",40.8679,-73.87809,"WGS84",39
"Bronx",40.8679,-73.87809,"WGS84",28
"Bronx",40.8679,-73.87809,"WGS84",22
"Bronx",40.8679,-73.87809,"WGS84",27
"Bronx",40.8679,-73.87809,"WGS84",11
"Bronx",40.8679,-73.87809,"WGS84",25
"Bronx",40.8679,-73.87809,"WGS84",40
"Bronx",40.8679,-73.87809,"WGS84",51
"Bronx",40.8679,-73.87809,"WGS84",60
"Bronx",40.8679,-73.87809,"WGS84",44
"Bronx",40.8679,-73.87809,"WGS84",17
"Bronx",40.8679,-73.87809,"WGS84",10
"Bronx",40.8679,-73.87809,"WGS84",22
"Bronx",40.8679,-73.87809,"WGS84",13
"Bronx",40.8679,-73.87809,"WGS84",40
"Bronx",40.8679,-73.87809,"WGS84",48
"Bronx",40.8679,-73.87809,"WGS84",33
"Bronx",40.8679,-73.87809,"WGS84",18
"Bronx",40.8679,-73.87809,"WGS84",23
"Bronx",40.8679,-73.87809,"WGS84",33
"Bronx",40.8679,-73.87809,"WGS84",17
"Bronx",40.8679,-73.87809,"WGS84",23
"Bronx",40.8679,-73.87809,"WGS84",32
"Bronx",40.8679,-73.87809,"WGS84",32
"Bronx",40.8679,-73.87809,"WGS84",22
"Bronx",40.8679,-73.87809,"WGS84",38
"Bronx",40.8679,-73.87809,"WGS84",27
"Bronx",40.8679,-73.87809,"WGS84",10
"Bronx",40.8679,-73.87809,"WGS84",10
"Bronx",40.8679,-73.87809,"WGS84",12
"Bronx",40.8679,-73.87809,"WGS84",27
"Bronx",40.8679,-73.87809,"WGS84",24
"Bronx",40.8679,-73.87809,"WGS84",20
"Bronx",40.8679,-73.87809,"WGS84",37
"Bronx",40.8679,-73.87809,"WGS84",8
"Bronx",40.8679,-73.87809,"WGS84",8
"Bronx",40.8679,-73.87809,"WGS84",11
"Bronx",40.8679,-73.87809,"WGS84",12
"Bronx",40.8679,-73.87809,"WGS84",12
"Bronx",40.8679,-73.87809,"WGS84",36
"Bronx",40.8679,-73.87809,"WGS84",29
"Bronx",40.8679,-73.87809,"WGS84",12
"Bronx",40.8679,-73.87809,"WGS84",6
"Bronx",40.8679,-73.87809,"WGS84",18
"Bronx",40.8679,-73.87809,"WGS84",12
"Bronx",40.8679,-73.87809,"WGS84",15
"Bronx",40.8679,-73.87809,"WGS84",7
"Bronx",40.8679,-73.87809,"WGS84",8
"Bronx",40.8679,-73.87809,"WGS84",14
"Bronx",40.8679,-73.87809,"WGS84",22
"Bronx",40.8679,-73.87809,"WGS84",12
"Bronx",40.8679,-73.87809,"WGS84",21
"Bronx",40.8679,-73.87809,"WGS84",17
"Bronx",40.8679,-73.87809,"WGS84",20
"Bronx",40.8679,-73.87809,"WGS84",10
"Bronx",40.8679,-73.87809,"WGS84",19
"Bronx",40.8679,-73.87809,"WGS84",39
"Bronx",40.8679,-73.87809,"WGS84",12
"Bronx",40.8679,-73.87809,"WGS84",16
"Bronx",40.8679,-73.87809,"WGS84",18
"Bronx",40.8679,-73.87809,"WGS84",13
"Bronx",40.8679,-73.87809,"WGS84",19
"Bronx",40.8679,-73.87809,"WGS84",17
"Bronx",40.8679,-73.87809,"WGS84",23
"Bronx",40.8679,-73.87809,"WGS84",42
"Bronx",40.8679,-73.87809,"WGS84",24
"Bronx",40.8679,-73.87809,"WGS84",8
"Bronx",40.8679,-73.87809,"WGS84",23
"Bronx",40.8679,-73.87809,"WGS84",19
"Bronx",40.8679,-73.87809,"WGS84",26
"Bronx",40.8679,-73.87809,"WGS84",8
"Bronx",40.8679,-73.87809,"WGS84",9
"Bronx",40.8679,-73.87809,"WGS84",19
"Bronx",40.8679,-73.87809,"WGS84",19
"Bronx",40.8679,-73.87809,"WGS84",11
"Bronx",40.8679,-73.87809,"WGS84",16
"Bronx",40.8679,-73.87809,"WGS84",11
"Bronx",40.8679,-73.87809,"WGS84",16
"Bronx",40.8679,-73.87809,"WGS84",14
"Bronx",40.8679,-73.87809,"WGS84",14
"Bronx",40.8679,-73.87809,"WGS84",16
"Bronx",40.8679,-73.87809,"WGS84",14
"Bronx",40.8679,-73.87809,"WGS84",15
"Bronx",40.8679,-73.87809,"WGS84",9
"Bronx",40.8679,-73.87809,"WGS84",12
"Bronx",40.8679,-73.87809,"WGS84",19
"Bronx",40.8679,-73.87809,"WGS84",11
"Bronx",40.8679,-73.87809,"WGS84",25
"Bronx",40.8679,-73.87809,"WGS84",37
"Bronx",40.8679,-73.87809,"WGS84",23
"Bronx",40.8679,-73.87809,"WGS84",12
"Bronx",40.8679,-73.87809,"WGS84",8
"Bronx",40.8679,-73.87809,"WGS84",6
"Bronx",40.8679,-73.87809,"WGS84",6
"Bronx",40.8679,-73.87809,"WGS84",10
"Bronx",40.8679,-73.87809,"WGS84",23
"Bronx",40.8679,-73.87809,"WGS84",31
"Bronx",40.8679,-73.87809,"WGS84",8
"Bronx",40.8679,-73.87809,"WGS84",11
"Bronx",40.8679,-73.87809,"WGS84",11
"Bronx",40.8679,-73.87809,"WGS84",20
"Bronx",40.8679,-73.87809,"WGS84",19
"Bronx",40.8679,-73.87809,"WGS84",15
"Bronx",40.8679,-73.87809,"WGS84",15
"Bronx",40.8679,-73.87809,"WGS84",21
"Bronx",40.8679,-73.87809,"WGS84",5
"Bronx",40.8679,-73.87809,"WGS84",11
"Bronx",40.8679,-73.87809,"WGS84",31
"Bronx",40.8679,-73.87809,"WGS84",20
"Bronx",40.8679,-73.87809,"WGS84",23
"Bronx",40.8679,-73.87809,"WGS84",24
"Bronx",40.8679,-73.87809,"WGS84",23
"Bronx",40.8679,-73.87809,"WGS84",10
"Bronx",40.8679,-73.87809,"WGS84",29
"Bronx",40.8679,-73.87809,"WGS84",21
"Bronx",40.8679,-73.87809,"WGS84",16
"Bronx",40.8679,-73.87809,"WGS84",29
"Bronx",40.8679,-73.87809,"WGS84",16
"Bronx",40.8679,-73.87809,"WGS84",4
"Bronx",40.8679,-73.87809,"WGS84",9
"Bronx",40.8679,-73.87809,"WGS84",17
"Bronx",40.8679,-73.87809,"WGS84",13
"Bronx",40.8679,-73.87809,"WGS84",11
"Bronx",40.8679,-73.87809,"WGS84",11
"Bronx",40.8679,-73.87809,"WGS84",24
"Bronx",40.8679,-73.87809,"WGS84",27
"Bronx",40.8679,-73.87809,"WGS84",20
"Bronx",40.8679,-73.87809,"WGS84",23
"Bronx",40.8679,-73.87809,"WGS84",28
"Bronx",40.8679,-73.87809,"WGS84",15
"Bronx",40.8679,-73.87809,"WGS84",16
"Bronx",40.8679,-73.87809,"WGS84",26
"Bronx",40.8679,-73.87809,"WGS84",23
"Bronx",40.8679,-73.87809,"WGS84",22
"Bronx",40.8679,-73.87809,"WGS84",11
"Bronx",40.8679,-73.87809,"WGS84",12
"Bronx",40.8679,-73.87809,"WGS84",17
"Bronx",40.8679,-73.87809,"WGS84",13
"Bronx",40.8679,-73.87809,"WGS84",11
"Bronx",40.8679,-73.87809,"WGS84",9
"Bronx",40.8679,-73.87809,"WGS84",36
"Bronx",40.8679,-73.87809,"WGS84",38
"Bronx",40.8679,-73.87809,"WGS84",8
"Bronx",40.8679,-73.87809,"WGS84",19
"Bronx",40.8679,-73.87809,"WGS84",22
"Bronx",40.8679,-73.87809,"WGS84",7
"Bronx",40.8679,-73.87809,"WGS84",19
"Bronx",40.8679,-73.87809,"WGS84",9
"Bronx",40.8679,-73.87809,"WGS84",11
"Bronx",40.8679,-73.87809,"WGS84",8
"Bronx",40.8679,-73.87809,"WGS84",8
"Bronx",40.8679,-73.87809,"WGS84",4
"Bronx",40.8679,-73.87809,"WGS84",15
"Bronx",40.8679,-73.87809,"WGS84",23
"Bronx",40.8679,-73.87809,"WGS84",16
"Bronx",40.8679,-73.87809,"WGS84",13
"Bronx",40.8679,-73.87809,"WGS84",10
"Bronx",40.8679,-73.87809,"WGS84",20
"Bronx",40.8679,-73.87809,"WGS84",20
"Bronx",40.8679,-73.87809,"WGS84",22
"Bronx",40.8679,-73.87809,"WGS84",18
"Bronx",40.8679,-73.87809,"WGS84",12
"Bronx",40.8679,-73.87809,"WGS84",16
"Bronx",40.8679,-73.87809,"WGS84",13
"Bronx",40.8679,-73.87809,"WGS84",20
"Bronx",40.8679,-73.87809,"WGS84",25
"Bronx",40.8679,-73.87809,"WGS84",31
"Bronx",40.8679,-73.87809,"WGS84",40
"Bronx",40.8679,-73.87809,"WGS84",11
"Bronx",40.8679,-73.87809,"WGS84",11
"Bronx",40.8679,-73.87809,"WGS84",16
"Bronx",40.8679,-73.87809,"WGS84",18
"Bronx",40.8679,-73.87809,"WGS84",26
"Bronx",40.8679,-73.87809,"WGS84",25
"Bronx",40.8679,-73.87809,"WGS84",13
"Bronx",40.8679,-73.87809,"WGS84",20
"Bronx",40.8679,-73.87809,"WGS84",25
"Bronx",40.8679,-73.87809,"WGS84",23
"Bronx",40.8679,-73.87809,"WGS84",42
"Bronx",40.8679,-73.87809,"WGS84",31
"Bronx",40.8679,-73.87809,"WGS84",11
"Bronx",40.8679,-73.87809,"WGS84",9
"Bronx",40.8679,-73.87809,"WGS84",4
"Bronx",40.8679,-73.87809,"WGS84",31
"Bronx",40.8679,-73.87809,"WGS84",30
"Bronx",40.8679,-73.87809,"WGS84",24
"Bronx",40.8679,-73.87809,"WGS84",22
"Bronx",40.8679,-73.87809,"WGS84",19
"Bronx",40.8679,-73.87809,"WGS84",13
"Bronx",40.8679,-73.87809,"WGS84",19
"Bronx",40.8679,-73.87809,"WGS84",20
"Bronx",40.8679,-73.87809,"WGS84",15
"Bronx",40.8679,-73.87809,"WGS84",10
"Bronx",40.8679,-73.87809,"WGS84",25
"Bronx",40.8679,-73.87809,"WGS84",25
"Bronx",40.8679,-73.87809,"WGS84",17
"Bronx",40.8679,-73.87809,"WGS84",11
"Bronx",40.8679,-73.87809,"WGS84",12
"Bronx",40.8679,-73.87809,"WGS84",17
"Bronx",40.8679,-73.87809,"WGS84",21
"Bronx",40.8679,-73.87809,"WGS84",21
"Bronx",40.8679,-73.87809,"WGS84",18
"Bronx",40.8679,-73.87809,"WGS84",13
"Bronx",40.8679,-73.87809,"WGS84",13
"Bronx",40.8679,-73.87809,"WGS84",17
"Bronx",40.8679,-73.87809,"WGS84",16
"Bronx",40.8679,-73.87809,"WGS84",19
"Bronx",40.8679,-73.87809,"WGS84",21
"Bronx",40.8679,-73.87809,"WGS84",19
"Bronx",40.8679,-73.87809,"WGS84",8
"Bronx",40.8679,-73.87809,"WGS84",10
"Bronx",40.8679,-73.87809,"WGS84",13
"Bronx",40.8679,-73.87809,"WGS84",17
"Bronx",40.8679,-73.87809,"WGS84",29
"Bronx",40.8679,-73.87809,"WGS84",25
"Bronx",40.8679,-73.87809,"WGS84",8
"Bronx",40.8679,-73.87809,"WGS84",10
"Bronx",40.8679,-73.87809,"WGS84",13
"Bronx",40.8679,-73.87809,"WGS84",20
"Bronx",40.8679,-73.87809,"WGS84",13
"Bronx",40.8679,-73.87809,"WGS84",28
"Bronx",40.8679,-73.87809,"WGS84",43
"Bronx",40.8679,-73.87809,"WGS84",43
"Bronx",40.8679,-73.87809,"WGS84",25
"Bronx",40.8679,-73.87809,"WGS84",8
"Bronx",40.8679,-73.87809,"WGS84",16
"Bronx",40.8679,-73.87809,"WGS84",15
"Bronx",40.8679,-73.87809,"WGS84",12
"Bronx",40.8679,-73.87809,"WGS84",18
"Bronx",40.8679,-73.87809,"WGS84",20
"Bronx",40.8679,-73.87809,"WGS84",17
"Bronx",40.8679,-73.87809,"WGS84",16
"Bronx",40.8679,-73.87809,"WGS84",22
"Bronx",40.8679,-73.87809,"WGS84",33
"Bronx",40.8679,-73.87809,"WGS84",23
"Bronx",40.8679,-73.87809,"WGS84",12
"Bronx",40.8679,-73.87809,"WGS84",21
"Bronx",40.8679,-73.87809,"WGS84",17
"Bronx",40.8679,-73.87809,"WGS84",8
"Bronx",40.8679,-73.87809,"WGS84",8
"Bronx",40.8679,-73.87809,"WGS84",8
"Bronx",40.8679,-73.87809,"WGS84",35
"Bronx",40.8679,-73.87809,"WGS84",38
"Bronx",40.8679,-73.87809,"WGS84",16
"Bronx",40.8679,-73.87809,"WGS84",32
"Bronx",40.8679,-73.87809,"WGS84",24
"Bronx",40.8679,-73.87809,"WGS84",24
"Bronx",40.8679,-73.87809,"WGS84",31
"Bronx",40.8679,-73.87809,"WGS84",23
"Bronx",40.8679,-73.87809,"WGS84",34
"Bronx",40.8679,-73.87809,"WGS84",24
"Bronx",40.8679,-73.87809,"WGS84",13
"Bronx",40.8679,-73.87809,"WGS84",11
"Bronx",40.8679,-73.87809,"WGS84",22
"Bronx",40.8679,-73.87809,"WGS84",21
"Bronx",40.8679,-73.87809,"WGS84",20
"Bronx",40.8679,-73.87809,"WGS84",17
"Bronx",40.8679,-73.87809,"WGS84",14
"Bronx",40.8679,-73.87809,"WGS84",19
"Bronx",40.8679,-73.87809,"WGS84",15
"Bronx",40.8679,-73.87809,"WGS84",14
"Bronx",40.8679,-73.87809,"WGS84",21
"Bronx",40.8679,-73.87809,"WGS84",27
"Bronx",40.8679,-73.87809,"WGS84",40
"Bronx",40.8679,-73.87809,"WGS84",43
"Bronx",40.8679,-73.87809,"WGS84",37
"Bronx",40.8679,-73.87809,"WGS84",56
"Bronx",40.8679,-73.87809,"WGS84",49
"Bronx",40.8679,-73.87809,"WGS84",37
"Bronx",40.8679,-73.87809,"WGS84",28
"Bronx",40.8679,-73.87809,"WGS84",22
"Bronx",40.8679,-73.87809,"WGS84",22
"Bronx",40.8679,-73.87809,"WGS84",25
"Bronx",40.8679,-73.87809,"WGS84",27
"Bronx",40.8679,-73.87809,"WGS84",30
"Bronx",40.8679,-73.87809,"WGS84",28
"Bronx",40.8679,-73.87809,"WGS84",9
"Bronx",40.8679,-73.87809,"WGS84",27
"Bronx",40.8679,-73.87809,"WGS84",42
"Bronx",40.8679,-73.87809,"WGS84",30
"Bronx",40.8679,-73.87809,"WGS84",8
"Bronx",40.8679,-73.87809,"WGS84",23
"Bronx",40.8679,-73.87809,"WGS84",27
"Bronx",40.8679,-73.87809,"WGS84",38
"Bronx",40.8679,-73.87809,"WGS84",32
"Bronx",40.8679,-73.87809,"WGS84",27
"Bronx",40.8679,-73.87809,"WGS84",23
"Bronx",40.8679,-73.87809,"WGS84",36
"Bronx",40.8679,-73.87809,"WGS84",35
"Bronx",40.8679,-73.87809,"WGS84",25
"Bronx",40.8679,-73.87809,"WGS84",19
"Bronx",40.8679,-73.87809,"WGS84",32
"Bronx",40.8679,-73.87809,"WGS84",30
"Bronx",40.8679,-73.87809,"WGS84",28
"Bronx",40.8679,-73.87809,"WGS84",9
"Bronx",40.8679,-73.87809,"WGS84",25
"Bronx",40.8679,-73.87809,"WGS84",13
"Bronx",40.8679,-73.87809,"WGS84",31
"Bronx",40.8679,-73.87809,"WGS84",31
"Bronx",40.8679,-73.87809,"WGS84",43
"Bronx",40.8679,-73.87809,"WGS84",37
"Bronx",40.8679,-73.87809,"WGS84",28
"Bronx",40.8679,-73.87809,"WGS84",20
"Bronx",40.8679,-73.87809,"WGS84",16
"Bronx",40.8679,-73.87809,"WGS84",16
"Bronx",40.8679,-73.87809,"WGS84",15
"Bronx",40.8679,-73.87809,"WGS84",25
"Bronx",40.8679,-73.87809,"WGS84",40
"Bronx",40.8679,-73.87809,"WGS84",37
"Bronx",40.8679,-73.87809,"WGS84",34
"Bronx",40.8679,-73.87809,"WGS84",27
"Bronx",40.8679,-73.87809,"WGS84",31
"Bronx",40.8679,-73.87809,"WGS84",36
"Bronx",40.8679,-73.87809,"WGS84",8
"Bronx",40.8679,-73.87809,"WGS84",11
"Bronx",40.8679,-73.87809,"WGS84",35
"Bronx",40.8679,-73.87809,"WGS84",40
"Bronx",40.8679,-73.87809,"WGS84",12
"Bronx",40.8679,-73.87809,"WGS84",35
"Bronx",40.8679,-73.87809,"WGS84",28
"Erie",42.876907,-78.809526,"WGS84",5
"Erie",42.876907,-78.809526,"WGS84",11
"Erie",42.876907,-78.809526,"WGS84",16
"Erie",42.876907,-78.809526,"WGS84",13
"Erie",42.876907,-78.809526,"WGS84",7
"Erie",42.876907,-78.809526,"WGS84",5
"Erie",42.876907,-78.809526,"WGS84",34
"Erie",42.876907,-78.809526,"WGS84",8
"Erie",42.876907,-78.809526,"WGS84",26
"Erie",42.876907,-78.809526,"WGS84",15
"Erie",42.876907,-78.809526,"WGS84",19
"Erie",42.876907,-78.809526,"WGS84",17
"Erie",42.876907,-78.809526,"WGS84",24
"Erie",42.876907,-78.809526,"WGS84",19
"Erie",42.876907,-78.809526,"WGS84",15
"Erie",42.876907,-78.809526,"WGS84",13
"Erie",42.876907,-78.809526,"WGS84",15
"Erie",42.876907,-78.809526,"WGS84",8
"Erie",42.876907,-78.809526,"WGS84",14
"Erie",42.876907,-78.809526,"WGS84",36
"Erie",42.876907,-78.809526,"WGS84",16
"Erie",42.876907,-78.809526,"WGS84",28
"Erie",42.876907,-78.809526,"WGS84",41
"Erie",42.876907,-78.809526,"WGS84",34
"Erie",42.876907,-78.809526,"WGS84",17
"Erie",42.876907,-78.809526,"WGS84",5
"Erie",42.876907,-78.809526,"WGS84",10
"Erie",42.876907,-78.809526,"WGS84",11
"Erie",42.876907,-78.809526,"WGS84",25
"Erie",42.876907,-78.809526,"WGS84",27
"Erie",42.876907,-78.809526,"WGS84",29
"Erie",42.876907,-78.809526,"WGS84",20
"Erie",42.876907,-78.809526,"WGS84",13
"Erie",42.876907,-78.809526,"WGS84",31
"Erie",42.876907,-78.809526,"WGS84",26
"Erie",42.876907,-78.809526,"WGS84",8
"Erie",42.876907,-78.809526,"WGS84",13
"Erie",42.876907,-78.809526,"WGS84",14
"Erie",42.876907,-78.809526,"WGS84",18
"Erie",42.876907,-78.809526,"WGS84",32
"Erie",42.876907,-78.809526,"WGS84",34
"Erie",42.876907,-78.809526,"WGS84",39
"Erie",42.876907,-78.809526,"WGS84",35
"Erie",42.876907,-78.809526,"WGS84",17
"Erie",42.876907,-78.809526,"WGS84",30
"Erie",42.876907,-78.809526,"WGS84",27
"Erie",42.876907,-78.809526,"WGS84",9
"Erie",42.876907,-78.809526,"WGS84",16
"Erie",42.876907,-78.809526,"WGS84",10
"Erie",42.876907,-78.809526,"WGS84",7
"Erie",42.876907,-78.809526,"WGS84",13
"Erie",42.876907,-78.809526,"WGS84",12
"Erie",42.876907,-78.809526,"WGS84",7
"Erie",42.876907,-78.809526,"WGS84",29
"Erie",42.876907,-78.809526,"WGS84",37
"Erie",42.876907,-78.809526,"WGS84",31
"Erie",42.876907,-78.809526,"WGS84",19
"Erie",42.876907,-78.809526,"WGS84",9
"Erie",42.876907,-78.809526,"WGS84",5
"Erie",42.876907,-78.809526,"WGS84",10
"Erie",42.876907,-78.809526,"WGS84",44
"Erie",42.876907,-78.809526,"WGS84",13
"Erie",42.876907,-78.809526,"WGS84",32
"Erie",42.876907,-78.809526,"WGS84",9
"Erie",42.876907,-78.809526,"WGS84",22
"Erie",42.876907,-78.809526,"WGS84",32
"Erie",42.876907,-78.809526,"WGS84",17
"Erie",42.876907,-78.809526,"WGS84",18
"Erie",42.876907,-78.809526,"WGS84",15
"Erie",42.876907,-78.809526,"WGS84",13
"Erie",42.876907,-78.809526,"WGS84",29
"Erie",42.876907,-78.809526,"WGS84",30
"Erie",42.876907,-78.809526,"WGS84",5
"Erie",42.876907,-78.809526,"WGS84",9
"Erie",42.876907,-78.809526,"WGS84",25
"Erie",42.876907,-78.809526,"WGS84",13
"Erie",42.876907,-78.809526,"WGS84",9
"Erie",42.876907,-78.809526,"WGS84",34
"Erie",42.876907,-78.809526,"WGS84",21
"Erie",42.876907,-78.809526,"WGS84",7
"Erie",42.876907,-78.809526,"WGS84",31
"Erie",42.876907,-78.809526,"WGS84",30
"Erie",42.876907,-78.809526,"WGS84",25
"Erie",42.876907,-78.809526,"WGS84",17
"Erie",42.876907,-78.809526,"WGS84",20
"Erie",42.876907,-78.809526,"WGS84",16
"Erie",42.876907,-78.809526,"WGS84",10
"Erie",42.876907,-78.809526,"WGS84",12
"Erie",42.876907,-78.809526,"WGS84",22
"Erie",42.876907,-78.809526,"WGS84",5
"Erie",42.876907,-78.809526,"WGS84",14
"Erie",42.876907,-78.809526,"WGS84",16
"Erie",42.876907,-78.809526,"WGS84",15
"Erie",42.876907,-78.809526,"WGS84",14
"Erie",42.876907,-78.809526,"WGS84",18
"Erie",42.876907,-78.809526,"WGS84",16
"Erie",42.876907,-78.809526,"WGS84",27
"Erie",42.876907,-78.809526,"WGS84",34
"Erie",42.876907,-78.809526,"WGS84",22
"Erie",42.876907,-78.809526,"WGS84",20
"Erie",42.876907,-78.809526,"WGS84",4
"Erie",42.876907,-78.809526,"WGS84",24
"Erie",42.876907,-78.809526,"WGS84",27
"Erie",42.876907,-78.809526,"WGS84",7
"Erie",42.876907,-78.809526,"WGS84",6
"Erie",42.876907,-78.809526,"WGS84",12
"Erie",42.876907,-78.809526,"WGS84",17
"Erie",42.876907,-78.809526,"WGS84",19
"Erie",42.876907,-78.809526,"WGS84",20
"Erie",42.876907,-78.809526,"WGS84",15
"Erie",42.876907,-78.809526,"WGS84",29
"Erie",42.876907,-78.809526,"WGS84",9
"Erie",42.876907,-78.809526,"WGS84",22
"Erie",42.876907,-78.809526,"WGS84",38
"Erie",42.876907,-78.809526,"WGS84",21
"Erie",42.876907,-78.809526,"WGS84",31
"Erie",42.876907,-78.809526,"WGS84",7
"Erie",42.876907,-78.809526,"WGS84",28
"Erie",42.876907,-78.809526,"WGS84",31
"Erie",42.876907,-78.809526,"WGS84",9
"Erie",42.876907,-78.809526,"WGS84",13
"Erie",42.876907,-78.809526,"WGS84",7
"Erie",42.876907,-78.809526,"WGS84",22
"Erie",42.876907,-78.809526,"WGS84",22
"Erie",42.876907,-78.809526,"WGS84",27
"Erie",42.876907,-78.809526,"WGS84",31
"Erie",42.876907,-78.809526,"WGS84",19
"Erie",42.876907,-78.809526,"WGS84",17
"Erie",42.876907,-78.809526,"WGS84",8
"Erie",42.876907,-78.809526,"WGS84",8
"Erie",42.876907,-78.809526,"WGS84",21
"Erie",42.876907,-78.809526,"WGS84",14
"Erie",42.876907,-78.809526,"WGS84",22
"Erie",42.876907,-78.809526,"WGS84",33
"Erie",42.876907,-78.809526,"WGS84",28
"Erie",42.876907,-78.809526,"WGS84",24
"Erie",42.876907,-78.809526,"WGS84",14
"Erie",42.876907,-78.809526,"WGS84",10
"Erie",42.876907,-78.809526,"WGS84",7
"Erie",42.876907,-78.809526,"WGS84",8
"Erie",42.876907,-78.809526,"WGS84",19
"Erie",42.876907,-78.809526,"WGS84",29
"Erie",42.876907,-78.809526,"WGS84",22
"Erie",42.876907,-78.809526,"WGS84",9
"Erie",42.876907,-78.809526,"WGS84",11
"Erie",42.876907,-78.809526,"WGS84",17
"Erie",42.876907,-78.809526,"WGS84",25
"Erie",42.876907,-78.809526,"WGS84",25
"Erie",42.876907,-78.809526,"WGS84",12
"Erie",42.876907,-78.809526,"WGS84",8
"Erie",42.876907,-78.809526,"WGS84",9
"Erie",42.876907,-78.809526,"WGS84",7
"Erie",42.876907,-78.809526,"WGS84",7
"Erie",42.876907,-78.809526,"WGS84",8
"Erie",42.876907,-78.809526,"WGS84",13
"Erie",42.876907,-78.809526,"WGS84",25
"Erie",42.876907,-78.809526,"WGS84",20
"Erie",42.876907,-78.809526,"WGS84",6
"Erie",42.876907,-78.809526,"WGS84",11
"Erie",42.876907,-78.809526,"WGS84",23
"Erie",42.876907,-78.809526,"WGS84",22
"Erie",42.876907,-78.809526,"WGS84",14
"Erie",42.876907,-78.809526,"WGS84",4
"Erie",42.876907,-78.809526,"WGS84",9
"Erie",42.876907,-78.809526,"WGS84",9
"Erie",42.876907,-78.809526,"WGS84",7
"Erie",42.876907,-78.809526,"WGS84",12
"Erie",42.876907,-78.809526,"WGS84",12
"Erie",42.876907,-78.809526,"WGS84",20
"Erie",42.876907,-78.809526,"WGS84",22
"Erie",42.876907,-78.809526,"WGS84",8
"Erie",42.876907,-78.809526,"WGS84",13
"Erie",42.876907,-78.809526,"WGS84",9
"Erie",42.876907,-78.809526,"WGS84",9
"Erie",42.876907,-78.809526,"WGS84",7
"Erie",42.876907,-78.809526,"WGS84",5
"Erie",42.876907,-78.809526,"WGS84",11
"Erie",42.876907,-78.809526,"WGS84",12
"Erie",42.876907,-78.809526,"WGS84",5
"Erie",42.876907,-78.809526,"WGS84",4
"Erie",42.876907,-78.809526,"WGS84",13
"Erie",42.876907,-78.809526,"WGS84",18
"Erie",42.876907,-78.809526,"WGS84",16
"Erie",42.876907,-78.809526,"WGS84",15
"Erie",42.876907,-78.809526,"WGS84",8
"Erie",42.876907,-78.809526,"WGS84",27
"Erie",42.876907,-78.809526,"WGS84",19
"Erie",42.876907,-78.809526,"WGS84",18
"Erie",42.876907,-78.809526,"WGS84",18
"Erie",42.876907,-78.809526,"WGS84",12
"Erie",42.876907,-78.809526,"WGS84",15
"Erie",42.876907,-78.809526,"WGS84",11
"Erie",42.876907,-78.809526,"WGS84",5
"Erie",42.876907,-78.809526,"WGS84",7
"Erie",42.876907,-78.809526,"WGS84",17
"Erie",42.876907,-78.809526,"WGS84",16
"Erie",42.876907,-78.809526,"WGS84",18
"Erie",42.876907,-78.809526,"WGS84",11
"Erie",42.876907,-78.809526,"WGS84",8
"Erie",42.876907,-78.809526,"WGS84",12
"Erie",42.876907,-78.809526,"WGS84",10
"Erie",42.876907,-78.809526,"WGS84",4
"Erie",42.876907,-78.809526,"WGS84",14
"Erie",42.876907,-78.809526,"WGS84",20
"Erie",42.876907,-78.809526,"WGS84",13
"Erie",42.876907,-78.809526,"WGS84",18
"Erie",42.876907,-78.809526,"WGS84",19
"Erie",42.876907,-78.809526,"WGS84",7
"Erie",42.876907,-78.809526,"WGS84",5
"Erie",42.876907,-78.809526,"WGS84",8
"Erie",42.876907,-78.809526,"WGS84",8
"Erie",42.876907,-78.809526,"WGS84",20
"Erie",42.876907,-78.809526,"WGS84",19
"Erie",42.876907,-78.809526,"WGS84",9
"Erie",42.876907,-78.809526,"WGS84",7
"Erie",42.876907,-78.809526,"WGS84",7
"Erie",42.876907,-78.809526,"WGS84",15
"Erie",42.876907,-78.809526,"WGS84",15
"Erie",42.876907,-78.809526,"WGS84",10
"Erie",42.876907,-78.809526,"WGS84",16
"Erie",42.876907,-78.809526,"WGS84",21
"Erie",42.876907,-78.809526,"WGS84",5
"Erie",42.876907,-78.809526,"WGS84",17
"Erie",42.876907,-78.809526,"WGS84",10
"Erie",42.876907,-78.809526,"WGS84",21
"Erie",42.876907,-78.809526,"WGS84",17
"Erie",42.876907,-78.809526,"WGS84",15
"Erie",42.876907,-78.809526,"WGS84",21
"Erie",42.876907,-78.809526,"WGS84",16
"Erie",42.876907,-78.809526,"WGS84",13
"Erie",42.876907,-78.809526,"WGS84",14
"Erie",42.876907,-78.809526,"WGS84",14
"Erie",42.876907,-78.809526,"WGS84",17
"Erie",42.876907,-78.809526,"WGS84",11
"Erie",42.876907,-78.809526,"WGS84",17
"Erie",42.876907,-78.809526,"WGS84",8
"Erie",42.876907,-78.809526,"WGS84",13
"Erie",42.876907,-78.809526,"WGS84",7
"Erie",42.876907,-78.809526,"WGS84",12
"Erie",42.876907,-78.809526,"WGS84",9
"Erie",42.876907,-78.809526,"WGS84",8
"Erie",42.876907,-78.809526,"WGS84",24
"Erie",42.876907,-78.809526,"WGS84",20
"Erie",42.876907,-78.809526,"WGS84",15
"Erie",42.876907,-78.809526,"WGS84",9
"Erie",42.876907,-78.809526,"WGS84",13
"Erie",42.876907,-78.809526,"WGS84",4
"Erie",42.876907,-78.809526,"WGS84",8
"Erie",42.876907,-78.809526,"WGS84",10
"Erie",42.876907,-78.809526,"WGS84",12
"Erie",42.876907,-78.809526,"WGS84",7
"Erie",42.876907,-78.809526,"WGS84",8
"Erie",42.876907,-78.809526,"WGS84",5
"Erie",42.876907,-78.809526,"WGS84",22
"Erie",42.876907,-78.809526,"WGS84",16
"Erie",42.876907,-78.809526,"WGS84",11
"Erie",42.876907,-78.809526,"WGS84",9
"Erie",42.876907,-78.809526,"WGS84",10
"Erie",42.876907,-78.809526,"WGS84",16
"Erie",42.876907,-78.809526,"WGS84",12
"Erie",42.876907,-78.809526,"WGS84",20
"Erie",42.876907,-78.809526,"WGS84",19
"Erie",42.876907,-78.809526,"WGS84",12
"Erie",42.876907,-78.809526,"WGS84",20
"Erie",42.876907,-78.809526,"WGS84",40
"Erie",42.876907,-78.809526,"WGS84",21
"Erie",42.876907,-78.809526,"WGS84",25
"Erie",42.876907,-78.809526,"WGS84",17
"Erie",42.876907,-78.809526,"WGS84",11
"Erie",42.876907,-78.809526,"WGS84",12
"Erie",42.876907,-78.809526,"WGS84",12
"Erie",42.876907,-78.809526,"WGS84",8
"Erie",42.876907,-78.809526,"WGS84",14
"Erie",42.876907,-78.809526,"WGS84",9
"Erie",42.876907,-78.809526,"WGS84",15
"Erie",42.876907,-78.809526,"WGS84",7
"Erie",42.876907,-78.809526,"WGS84",8
"Erie",42.876907,-78.809526,"WGS84",23
"Erie",42.876907,-78.809526,"WGS84",14
"Erie",42.876907,-78.809526,"WGS84",4
"Erie",42.876907,-78.809526,"WGS84",8
"Erie",42.876907,-78.809526,"WGS84",15
"Erie",42.876907,-78.809526,"WGS84",9
"Erie",42.876907,-78.809526,"WGS84",21
"Erie",42.876907,-78.809526,"WGS84",6
"Erie",42.876907,-78.809526,"WGS84",18
"Erie",42.876907,-78.809526,"WGS84",20
"Erie",42.876907,-78.809526,"WGS84",5
"Erie",42.876907,-78.809526,"WGS84",16
"Erie",42.876907,-78.809526,"WGS84",13
"Erie",42.876907,-78.809526,"WGS84",13
"Erie",42.876907,-78.809526,"WGS84",20
"Erie",42.876907,-78.809526,"WGS84",21
"Erie",42.876907,-78.809526,"WGS84",21
"Erie",42.876907,-78.809526,"WGS84",17
"Erie",42.876907,-78.809526,"WGS84",22
"Erie",42.876907,-78.809526,"WGS84",22
"Erie",42.876907,-78.809526,"WGS84",15
"Erie",42.876907,-78.809526,"WGS84",13
"Erie",42.876907,-78.809526,"WGS84",13
"Erie",42.876907,-78.809526,"WGS84",25
"Erie",42.876907,-78.809526,"WGS84",3
"Erie",42.876907,-78.809526,"WGS84",5
"Erie",42.876907,-78.809526,"WGS84",24
"Erie",42.876907,-78.809526,"WGS84",14
"Erie",42.876907,-78.809526,"WGS84",20
"Erie",42.876907,-78.809526,"WGS84",16
"Erie",42.876907,-78.809526,"WGS84",33
"Erie",42.876907,-78.809526,"WGS84",41
"Erie",42.876907,-78.809526,"WGS84",40
"Erie",42.876907,-78.809526,"WGS84",36
"Erie",42.876907,-78.809526,"WGS84",7
"Erie",42.876907,-78.809526,"WGS84",18
"Erie",42.876907,-78.809526,"WGS84",28
"Erie",42.876907,-78.809526,"WGS84",28
"Erie",42.876907,-78.809526,"WGS84",9
"Erie",42.876907,-78.809526,"WGS84",8
"Erie",42.876907,-78.809526,"WGS84",7
"Erie",42.876907,-78.809526,"WGS84",22
"Erie",42.876907,-78.809526,"WGS84",9
"Erie",42.876907,-78.809526,"WGS84",8
"Erie",42.876907,-78.809526,"WGS84",8
"Erie",42.876907,-78.809526,"WGS84",18
"Erie",42.876907,-78.809526,"WGS84",10
"Erie",42.876907,-78.809526,"WGS84",17
"Erie",42.876907,-78.809526,"WGS84",22
"Erie",42.876907,-78.809526,"WGS84",6
"Erie",42.876907,-78.809526,"WGS84",16
"Erie",42.876907,-78.809526,"WGS84",5
"Erie",42.876907,-78.809526,"WGS84",30
"Erie",42.876907,-78.809526,"WGS84",24
"Erie",42.876907,-78.809526,"WGS84",11
"Erie",42.876907,-78.809526,"WGS84",6
"Erie",42.876907,-78.809526,"WGS84",8
"Erie",42.876907,-78.809526,"WGS84",12
"Erie",42.876907,-78.809526,"WGS84",15
"Erie",42.876907,-78.809526,"WGS84",6
"Erie",42.876907,-78.809526,"WGS84",17
"Erie",42.876907,-78.809526,"WGS84",16
"Erie",42.876907,-78.809526,"WGS84",8
"Erie",42.876907,-78.809526,"WGS84",25
"Erie",42.876907,-78.809526,"WGS84",33
"Erie",42.876907,-78.809526,"WGS84",23
"Erie",42.876907,-78.809526,"WGS84",6
"Erie",42.876907,-78.809526,"WGS84",20
"Erie",42.876907,-78.809526,"WGS84",10
"Erie",42.876907,-78.809526,"WGS84",12
"Erie",42.876907,-78.809526,"WGS84",18
"Erie",42.876907,-78.809526,"WGS84",35
"Erie",42.876907,-78.809526,"WGS84",27
"Erie",42.876907,-78.809526,"WGS84",8
"Erie",42.876907,-78.809526,"WGS84",18
"Erie",42.876907,-78.809526,"WGS84",16
"Erie",42.876907,-78.809526,"WGS84",28
"Erie",42.876907,-78.809526,"WGS84",10
"Erie",42.876907,-78.809526,"WGS84",6
"Erie",42.876907,-78.809526,"WGS84",8
"Erie",42.876907,-78.809526,"WGS84",34
"Erie",42.876907,-78.809526,"WGS84",10
"Erie",42.876907,-78.809526,"WGS84",25
"Erie",42.876907,-78.809526,"WGS84",34
"Erie",42.876907,-78.809526,"WGS84",20
"Erie",42.921107,-78.765825,"WGS84",12
"Erie",42.921107,-78.765825,"WGS84",16
"Erie",42.921107,-78.765825,"WGS84",19
"Erie",42.921107,-78.765825,"WGS84",10
"Erie",42.921107,-78.765825,"WGS84",10
"Erie",42.921107,-78.765825,"WGS84",8
"Erie",42.921107,-78.765825,"WGS84",33
"Erie",42.921107,-78.765825,"WGS84",8
"Erie",42.921107,-78.765825,"WGS84",24
"Erie",42.921107,-78.765825,"WGS84",17
"Erie",42.921107,-78.765825,"WGS84",10
"Erie",42.921107,-78.765825,"WGS84",8
"Erie",42.921107,-78.765825,"WGS84",21
"Erie",42.921107,-78.765825,"WGS84",13
"Erie",42.921107,-78.765825,"WGS84",13
"Erie",42.921107,-78.765825,"WGS84",16
"Erie",42.921107,-78.765825,"WGS84",11
"Erie",42.921107,-78.765825,"WGS84",8
"Erie",42.921107,-78.765825,"WGS84",12
"Erie",42.921107,-78.765825,"WGS84",36
"Erie",42.921107,-78.765825,"WGS84",16
"Erie",42.921107,-78.765825,"WGS84",33
"Erie",42.921107,-78.765825,"WGS84",34
"Erie",42.921107,-78.765825,"WGS84",26
"Erie",42.921107,-78.765825,"WGS84",11
"Erie",42.921107,-78.765825,"WGS84",4
"Erie",42.921107,-78.765825,"WGS84",14
"Erie",42.921107,-78.765825,"WGS84",17
"Erie",42.921107,-78.765825,"WGS84",18
"Erie",42.921107,-78.765825,"WGS84",17
"Erie",42.921107,-78.765825,"WGS84",21
"Erie",42.921107,-78.765825,"WGS84",24
"Erie",42.921107,-78.765825,"WGS84",11
"Erie",42.921107,-78.765825,"WGS84",19
"Erie",42.921107,-78.765825,"WGS84",17
"Erie",42.921107,-78.765825,"WGS84",12
"Erie",42.921107,-78.765825,"WGS84",10
"Erie",42.921107,-78.765825,"WGS84",14
"Erie",42.921107,-78.765825,"WGS84",19
"Erie",42.921107,-78.765825,"WGS84",26
"Erie",42.921107,-78.765825,"WGS84",34
"Erie",42.921107,-78.765825,"WGS84",30
"Erie",42.921107,-78.765825,"WGS84",38
"Erie",42.921107,-78.765825,"WGS84",19
"Erie",42.921107,-78.765825,"WGS84",28
"Erie",42.921107,-78.765825,"WGS84",25
"Erie",42.921107,-78.765825,"WGS84",16
"Erie",42.921107,-78.765825,"WGS84",13
"Erie",42.921107,-78.765825,"WGS84",11
"Erie",42.921107,-78.765825,"WGS84",15
"Erie",42.921107,-78.765825,"WGS84",19
"Erie",42.921107,-78.765825,"WGS84",18
"Erie",42.921107,-78.765825,"WGS84",8
"Erie",42.921107,-78.765825,"WGS84",41
"Erie",42.921107,-78.765825,"WGS84",35
"Erie",42.921107,-78.765825,"WGS84",23
"Erie",42.921107,-78.765825,"WGS84",14
"Erie",42.921107,-78.765825,"WGS84",6
"Erie",42.921107,-78.765825,"WGS84",5
"Erie",42.921107,-78.765825,"WGS84",15
"Erie",42.921107,-78.765825,"WGS84",38
"Erie",42.921107,-78.765825,"WGS84",10
"Erie",42.921107,-78.765825,"WGS84",25
"Erie",42.921107,-78.765825,"WGS84",29
"Erie",42.921107,-78.765825,"WGS84",15
"Erie",42.921107,-78.765825,"WGS84",27
"Erie",42.921107,-78.765825,"WGS84",22
"Erie",42.921107,-78.765825,"WGS84",16
"Erie",42.921107,-78.765825,"WGS84",24
"Erie",42.921107,-78.765825,"WGS84",26
"Erie",42.921107,-78.765825,"WGS84",7
"Erie",42.921107,-78.765825,"WGS84",12
"Erie",42.921107,-78.765825,"WGS84",8
"Erie",42.921107,-78.765825,"WGS84",12
"Erie",42.921107,-78.765825,"WGS84",11
"Erie",42.921107,-78.765825,"WGS84",17
"Erie",42.921107,-78.765825,"WGS84",13
"Erie",42.921107,-78.765825,"WGS84",6
"Erie",42.921107,-78.765825,"WGS84",15
"Erie",42.921107,-78.765825,"WGS84",25
"Erie",42.921107,-78.765825,"WGS84",13
"Erie",42.921107,-78.765825,"WGS84",17
"Erie",42.921107,-78.765825,"WGS84",23
"Erie",42.921107,-78.765825,"WGS84",16
"Erie",42.921107,-78.765825,"WGS84",5
"Erie",42.921107,-78.765825,"WGS84",4
"Erie",42.921107,-78.765825,"WGS84",7
"Erie",42.921107,-78.765825,"WGS84",7
"Erie",42.921107,-78.765825,"WGS84",14
"Erie",42.921107,-78.765825,"WGS84",12
"Erie",42.921107,-78.765825,"WGS84",16
"Erie",42.921107,-78.765825,"WGS84",18
"Erie",42.921107,-78.765825,"WGS84",20
"Erie",42.921107,-78.765825,"WGS84",19
"Erie",42.921107,-78.765825,"WGS84",21
"Erie",42.921107,-78.765825,"WGS84",25
"Erie",42.921107,-78.765825,"WGS84",18
"Erie",42.921107,-78.765825,"WGS84",9
"Erie",42.921107,-78.765825,"WGS84",8
"Erie",42.921107,-78.765825,"WGS84",17
"Erie",42.921107,-78.765825,"WGS84",18
"Erie",42.921107,-78.765825,"WGS84",7
"Erie",42.921107,-78.765825,"WGS84",7
"Erie",42.921107,-78.765825,"WGS84",13
"Erie",42.921107,-78.765825,"WGS84",20
"Erie",42.921107,-78.765825,"WGS84",20
"Erie",42.921107,-78.765825,"WGS84",14
"Erie",42.921107,-78.765825,"WGS84",6
"Erie",42.921107,-78.765825,"WGS84",21
"Erie",42.921107,-78.765825,"WGS84",5
"Erie",42.921107,-78.765825,"WGS84",28
"Erie",42.921107,-78.765825,"WGS84",30
"Erie",42.921107,-78.765825,"WGS84",8
"Erie",42.921107,-78.765825,"WGS84",18
"Erie",42.921107,-78.765825,"WGS84",3
"Erie",42.921107,-78.765825,"WGS84",20
"Erie",42.921107,-78.765825,"WGS84",20
"Erie",42.921107,-78.765825,"WGS84",6
"Erie",42.921107,-78.765825,"WGS84",13
"Erie",42.921107,-78.765825,"WGS84",8
"Erie",42.921107,-78.765825,"WGS84",13
"Erie",42.921107,-78.765825,"WGS84",13
"Erie",42.921107,-78.765825,"WGS84",17
"Erie",42.921107,-78.765825,"WGS84",25
"Erie",42.921107,-78.765825,"WGS84",18
"Erie",42.921107,-78.765825,"WGS84",13
"Erie",42.921107,-78.765825,"WGS84",9
"Erie",42.921107,-78.765825,"WGS84",5
"Erie",42.921107,-78.765825,"WGS84",14
"Erie",42.921107,-78.765825,"WGS84",16
"Erie",42.921107,-78.765825,"WGS84",17
"Erie",42.921107,-78.765825,"WGS84",27
"Erie",42.921107,-78.765825,"WGS84",19
"Erie",42.921107,-78.765825,"WGS84",20
"Erie",42.921107,-78.765825,"WGS84",23
"Erie",42.921107,-78.765825,"WGS84",3
"Erie",42.921107,-78.765825,"WGS84",13
"Erie",42.921107,-78.765825,"WGS84",4
"Erie",42.921107,-78.765825,"WGS84",7
"Erie",42.921107,-78.765825,"WGS84",13
"Erie",42.921107,-78.765825,"WGS84",17
"Erie",42.921107,-78.765825,"WGS84",12
"Erie",42.921107,-78.765825,"WGS84",5
"Erie",42.921107,-78.765825,"WGS84",22
"Erie",42.921107,-78.765825,"WGS84",20
"Erie",42.921107,-78.765825,"WGS84",19
"Erie",42.921107,-78.765825,"WGS84",13
"Erie",42.921107,-78.765825,"WGS84",15
"Erie",42.921107,-78.765825,"WGS84",7
"Erie",42.921107,-78.765825,"WGS84",5
"Erie",42.921107,-78.765825,"WGS84",13
"Erie",42.921107,-78.765825,"WGS84",16
"Erie",42.921107,-78.765825,"WGS84",15
"Erie",42.921107,-78.765825,"WGS84",25
"Erie",42.921107,-78.765825,"WGS84",15
"Erie",42.921107,-78.765825,"WGS84",8
"Erie",42.921107,-78.765825,"WGS84",10
"Erie",42.921107,-78.765825,"WGS84",22
"Erie",42.921107,-78.765825,"WGS84",18
"Erie",42.921107,-78.765825,"WGS84",9
"Erie",42.921107,-78.765825,"WGS84",5
"Erie",42.921107,-78.765825,"WGS84",8
"Erie",42.921107,-78.765825,"WGS84",3
"Erie",42.921107,-78.765825,"WGS84",4
"Erie",42.921107,-78.765825,"WGS84",8
"Erie",42.921107,-78.765825,"WGS84",5
"Erie",42.921107,-78.765825,"WGS84",9
"Erie",42.921107,-78.765825,"WGS84",10
"Erie",42.921107,-78.765825,"WGS84",15
"Erie",42.921107,-78.765825,"WGS84",13
"Erie",42.921107,-78.765825,"WGS84",15
"Erie",42.921107,-78.765825,"WGS84",18
"Erie",42.921107,-78.765825,"WGS84",10
"Erie",42.921107,-78.765825,"WGS84",5
"Erie",42.921107,-78.765825,"WGS84",15
"Erie",42.921107,-78.765825,"WGS84",19
"Erie",42.921107,-78.765825,"WGS84",7
"Erie",42.921107,-78.765825,"WGS84",9
"Erie",42.921107,-78.765825,"WGS84",14
"Erie",42.921107,-78.765825,"WGS84",6
"Erie",42.921107,-78.765825,"WGS84",16
"Erie",42.921107,-78.765825,"WGS84",21
"Erie",42.921107,-78.765825,"WGS84",10
"Erie",42.921107,-78.765825,"WGS84",24
"Erie",42.921107,-78.765825,"WGS84",21
"Erie",42.921107,-78.765825,"WGS84",8
"Erie",42.921107,-78.765825,"WGS84",14
"Erie",42.921107,-78.765825,"WGS84",18
"Erie",42.921107,-78.765825,"WGS84",8
"Erie",42.921107,-78.765825,"WGS84",8
"Erie",42.921107,-78.765825,"WGS84",8
"Erie",42.921107,-78.765825,"WGS84",7
"Erie",42.921107,-78.765825,"WGS84",13
"Erie",42.921107,-78.765825,"WGS84",13
"Erie",42.921107,-78.765825,"WGS84",11
"Erie",42.921107,-78.765825,"WGS84",14
"Erie",42.921107,-78.765825,"WGS84",13
"Erie",42.921107,-78.765825,"WGS84",17
"Erie",42.921107,-78.765825,"WGS84",22
"Erie",42.921107,-78.765825,"WGS84",7
"Erie",42.921107,-78.765825,"WGS84",9
"Erie",42.921107,-78.765825,"WGS84",16
"Erie",42.921107,-78.765825,"WGS84",15
"Erie",42.921107,-78.765825,"WGS84",8
"Erie",42.921107,-78.765825,"WGS84",10
"Erie",42.921107,-78.765825,"WGS84",13
"Erie",42.921107,-78.765825,"WGS84",10
"Erie",42.921107,-78.765825,"WGS84",14
"Erie",42.921107,-78.765825,"WGS84",13
"Erie",42.921107,-78.765825,"WGS84",21
"Erie",42.921107,-78.765825,"WGS84",11
"Erie",42.921107,-78.765825,"WGS84",7
"Erie",42.921107,-78.765825,"WGS84",7
"Erie",42.921107,-78.765825,"WGS84",11
"Erie",42.921107,-78.765825,"WGS84",16
"Erie",42.921107,-78.765825,"WGS84",15
"Erie",42.921107,-78.765825,"WGS84",12
"Erie",42.921107,-78.765825,"WGS84",14
"Erie",42.921107,-78.765825,"WGS84",13
"Erie",42.921107,-78.765825,"WGS84",9
"Erie",42.921107,-78.765825,"WGS84",24
"Erie",42.921107,-78.765825,"WGS84",20
"Erie",42.921107,-78.765825,"WGS84",20
"Erie",42.921107,-78.765825,"WGS84",8
"Erie",42.921107,-78.765825,"WGS84",8
"Erie",42.921107,-78.765825,"WGS84",7
"Erie",42.921107,-78.765825,"WGS84",8
"Erie",42.921107,-78.765825,"WGS84",23
"Erie",42.921107,-78.765825,"WGS84",21
"Erie",42.921107,-78.765825,"WGS84",12
"Erie",42.921107,-78.765825,"WGS84",14
"Erie",42.921107,-78.765825,"WGS84",20
"Erie",42.921107,-78.765825,"WGS84",22
"Erie",42.921107,-78.765825,"WGS84",18
"Erie",42.921107,-78.765825,"WGS84",18
"Erie",42.921107,-78.765825,"WGS84",24
"Erie",42.921107,-78.765825,"WGS84",16
"Erie",42.921107,-78.765825,"WGS84",9
"Erie",42.921107,-78.765825,"WGS84",17
"Erie",42.921107,-78.765825,"WGS84",6
"Erie",42.921107,-78.765825,"WGS84",6
"Erie",42.921107,-78.765825,"WGS84",8
"Erie",42.921107,-78.765825,"WGS84",8
"Erie",42.921107,-78.765825,"WGS84",19
"Erie",42.921107,-78.765825,"WGS84",21
"Erie",42.921107,-78.765825,"WGS84",13
"Erie",42.921107,-78.765825,"WGS84",18
"Erie",42.921107,-78.765825,"WGS84",11
"Erie",42.921107,-78.765825,"WGS84",8
"Erie",42.921107,-78.765825,"WGS84",7
"Erie",42.921107,-78.765825,"WGS84",9
"Erie",42.921107,-78.765825,"WGS84",12
"Erie",42.921107,-78.765825,"WGS84",7
"Erie",42.921107,-78.765825,"WGS84",3
"Erie",42.921107,-78.765825,"WGS84",5
"Erie",42.921107,-78.765825,"WGS84",17
"Erie",42.921107,-78.765825,"WGS84",25
"Erie",42.921107,-78.765825,"WGS84",18
"Erie",42.921107,-78.765825,"WGS84",9
"Erie",42.921107,-78.765825,"WGS84",14
"Erie",42.921107,-78.765825,"WGS84",9
"Erie",42.921107,-78.765825,"WGS84",9
"Erie",42.921107,-78.765825,"WGS84",9
"Erie",42.921107,-78.765825,"WGS84",18
"Erie",42.921107,-78.765825,"WGS84",17
"Erie",42.921107,-78.765825,"WGS84",32
"Erie",42.921107,-78.765825,"WGS84",11
"Erie",42.921107,-78.765825,"WGS84",7
"Erie",42.921107,-78.765825,"WGS84",4
"Erie",42.921107,-78.765825,"WGS84",8
"Erie",42.921107,-78.765825,"WGS84",26
"Erie",42.921107,-78.765825,"WGS84",6
"Erie",42.921107,-78.765825,"WGS84",26
"Erie",42.921107,-78.765825,"WGS84",25
"Erie",42.921107,-78.765825,"WGS84",23
"Monroe",43.145013,-77.55728,"WGS84",8
"Monroe",43.145013,-77.55728,"WGS84",14
"Monroe",43.145013,-77.55728,"WGS84",16
"Monroe",43.145013,-77.55728,"WGS84",9
"Monroe",43.145013,-77.55728,"WGS84",12
"Monroe",43.145013,-77.55728,"WGS84",7
"Monroe",43.145013,-77.55728,"WGS84",24
"Monroe",43.145013,-77.55728,"WGS84",9
"Monroe",43.145013,-77.55728,"WGS84",21
"Monroe",43.145013,-77.55728,"WGS84",14
"Monroe",43.145013,-77.55728,"WGS84",10
"Monroe",43.145013,-77.55728,"WGS84",6
"Monroe",43.145013,-77.55728,"WGS84",14
"Monroe",43.145013,-77.55728,"WGS84",10
"Monroe",43.145013,-77.55728,"WGS84",11
"Monroe",43.145013,-77.55728,"WGS84",8
"Monroe",43.145013,-77.55728,"WGS84",25
"Monroe",43.145013,-77.55728,"WGS84",10
"Monroe",43.145013,-77.55728,"WGS84",6
"Monroe",43.145013,-77.55728,"WGS84",24
"Monroe",43.145013,-77.55728,"WGS84",28
"Monroe",43.145013,-77.55728,"WGS84",33
"Monroe",43.145013,-77.55728,"WGS84",35
"Monroe",43.145013,-77.55728,"WGS84",26
"Monroe",43.145013,-77.55728,"WGS84",13
"Monroe",43.145013,-77.55728,"WGS84",5
"Monroe",43.145013,-77.55728,"WGS84",10
"Monroe",43.145013,-77.55728,"WGS84",9
"Monroe",43.145013,-77.55728,"WGS84",18
"Monroe",43.145013,-77.55728,"WGS84",23
"Monroe",43.145013,-77.55728,"WGS84",27
"Monroe",43.145013,-77.55728,"WGS84",15
"Monroe",43.145013,-77.55728,"WGS84",12
"Monroe",43.145013,-77.55728,"WGS84",24
"Monroe",43.145013,-77.55728,"WGS84",20
"Monroe",43.145013,-77.55728,"WGS84",7
"Monroe",43.145013,-77.55728,"WGS84",12
"Monroe",43.145013,-77.55728,"WGS84",8
"Monroe",43.145013,-77.55728,"WGS84",20
"Monroe",43.145013,-77.55728,"WGS84",20
"Monroe",43.145013,-77.55728,"WGS84",28
"Monroe",43.145013,-77.55728,"WGS84",28
"Monroe",43.145013,-77.55728,"WGS84",26
"Monroe",43.145013,-77.55728,"WGS84",14
"Monroe",43.145013,-77.55728,"WGS84",26
"Monroe",43.145013,-77.55728,"WGS84",12
"Monroe",43.145013,-77.55728,"WGS84",7
"Monroe",43.145013,-77.55728,"WGS84",11
"Monroe",43.145013,-77.55728,"WGS84",7
"Monroe",43.145013,-77.55728,"WGS84",10
"Monroe",43.145013,-77.55728,"WGS84",15
"Monroe",43.145013,-77.55728,"WGS84",11
"Monroe",43.145013,-77.55728,"WGS84",7
"Monroe",43.145013,-77.55728,"WGS84",20
"Monroe",43.145013,-77.55728,"WGS84",21
"Monroe",43.145013,-77.55728,"WGS84",26
"Monroe",43.145013,-77.55728,"WGS84",9
"Monroe",43.145013,-77.55728,"WGS84",7
"Monroe",43.145013,-77.55728,"WGS84",5
"Monroe",43.145013,-77.55728,"WGS84",11
"Monroe",43.145013,-77.55728,"WGS84",11
"Monroe",43.145013,-77.55728,"WGS84",8
"Monroe",43.145013,-77.55728,"WGS84",12
"Monroe",43.145013,-77.55728,"WGS84",7
"Monroe",43.145013,-77.55728,"WGS84",8
"Monroe",43.145013,-77.55728,"WGS84",14
"Monroe",43.145013,-77.55728,"WGS84",10
"Monroe",43.145013,-77.55728,"WGS84",13
"Monroe",43.145013,-77.55728,"WGS84",10
"Monroe",43.145013,-77.55728,"WGS84",6
"Monroe",43.145013,-77.55728,"WGS84",25
"Monroe",43.145013,-77.55728,"WGS84",18
"Monroe",43.145013,-77.55728,"WGS84",5
"Monroe",43.145013,-77.55728,"WGS84",5
"Monroe",43.145013,-77.55728,"WGS84",14
"Monroe",43.145013,-77.55728,"WGS84",25
"Monroe",43.145013,-77.55728,"WGS84",8
"Monroe",43.145013,-77.55728,"WGS84",28
"Monroe",43.145013,-77.55728,"WGS84",10
"Monroe",43.145013,-77.55728,"WGS84",6
"Monroe",43.145013,-77.55728,"WGS84",21
"Monroe",43.145013,-77.55728,"WGS84",24
"Monroe",43.145013,-77.55728,"WGS84",9
"Monroe",43.145013,-77.55728,"WGS84",16
"Monroe",43.145013,-77.55728,"WGS84",10
"Monroe",43.145013,-77.55728,"WGS84",15
"Monroe",43.145013,-77.55728,"WGS84",11
"Monroe",43.145013,-77.55728,"WGS84",13
"Monroe",43.145013,-77.55728,"WGS84",3
"Monroe",43.145013,-77.55728,"WGS84",6
"Monroe",43.145013,-77.55728,"WGS84",6
"Monroe",43.145013,-77.55728,"WGS84",10
"Monroe",43.145013,-77.55728,"WGS84",22
"Monroe",43.145013,-77.55728,"WGS84",6
"Monroe",43.145013,-77.55728,"WGS84",12
"Monroe",43.145013,-77.55728,"WGS84",8
"Monroe",43.145013,-77.55728,"WGS84",14
"Monroe",43.145013,-77.55728,"WGS84",24
"Monroe",43.145013,-77.55728,"WGS84",13
"Monroe",43.145013,-77.55728,"WGS84",17
"Monroe",43.145013,-77.55728,"WGS84",4
"Monroe",43.145013,-77.55728,"WGS84",9
"Monroe",43.145013,-77.55728,"WGS84",17
"Monroe",43.145013,-77.55728,"WGS84",3
"Monroe",43.145013,-77.55728,"WGS84",7
"Monroe",43.145013,-77.55728,"WGS84",13
"Monroe",43.145013,-77.55728,"WGS84",9
"Monroe",43.145013,-77.55728,"WGS84",10
"Monroe",43.145013,-77.55728,"WGS84",6
"Monroe",43.145013,-77.55728,"WGS84",4
"Monroe",43.145013,-77.55728,"WGS84",19
"Monroe",43.145013,-77.55728,"WGS84",8
"Monroe",43.145013,-77.55728,"WGS84",8
"Monroe",43.145013,-77.55728,"WGS84",21
"Monroe",43.145013,-77.55728,"WGS84",8
"Monroe",43.145013,-77.55728,"WGS84",22
"Monroe",43.145013,-77.55728,"WGS84",4
"Monroe",43.145013,-77.55728,"WGS84",11
"Monroe",43.145013,-77.55728,"WGS84",18
"Monroe",43.145013,-77.55728,"WGS84",7
"Monroe",43.145013,-77.55728,"WGS84",8
"Monroe",43.145013,-77.55728,"WGS84",7
"Monroe",43.145013,-77.55728,"WGS84",8
"Monroe",43.145013,-77.55728,"WGS84",4
"Monroe",43.145013,-77.55728,"WGS84",6
"Monroe",43.145013,-77.55728,"WGS84",19
"Monroe",43.145013,-77.55728,"WGS84",24
"Monroe",43.145013,-77.55728,"WGS84",11
"Monroe",43.145013,-77.55728,"WGS84",10
"Monroe",43.145013,-77.55728,"WGS84",3
"Monroe",43.145013,-77.55728,"WGS84",8
"Monroe",43.145013,-77.55728,"WGS84",7
"Monroe",43.145013,-77.55728,"WGS84",11
"Monroe",43.145013,-77.55728,"WGS84",15
"Monroe",43.145013,-77.55728,"WGS84",19
"Monroe",43.145013,-77.55728,"WGS84",11
"Monroe",43.145013,-77.55728,"WGS84",7
"Monroe",43.145013,-77.55728,"WGS84",8
"Monroe",43.145013,-77.55728,"WGS84",7
"Monroe",43.145013,-77.55728,"WGS84",6
"Monroe",43.145013,-77.55728,"WGS84",10
"Monroe",43.145013,-77.55728,"WGS84",13
"Monroe",43.145013,-77.55728,"WGS84",8
"Monroe",43.145013,-77.55728,"WGS84",18
"Monroe",43.145013,-77.55728,"WGS84",5
"Monroe",43.145013,-77.55728,"WGS84",8
"Monroe",43.145013,-77.55728,"WGS84",11
"Monroe",43.145013,-77.55728,"WGS84",8
"Monroe",43.145013,-77.55728,"WGS84",8
"Monroe",43.145013,-77.55728,"WGS84",8
"Monroe",43.145013,-77.55728,"WGS84",4
"Monroe",43.145013,-77.55728,"WGS84",3
"Monroe",43.145013,-77.55728,"WGS84",8
"Monroe",43.145013,-77.55728,"WGS84",11
"Monroe",43.145013,-77.55728,"WGS84",10
"Monroe",43.145013,-77.55728,"WGS84",8
"Monroe",43.145013,-77.55728,"WGS84",7
"Monroe",43.145013,-77.55728,"WGS84",3
"Monroe",43.145013,-77.55728,"WGS84",7
"Monroe",43.145013,-77.55728,"WGS84",8
"Monroe",43.145013,-77.55728,"WGS84",11
"Monroe",43.145013,-77.55728,"WGS84",12
"Monroe",43.145013,-77.55728,"WGS84",6
"Monroe",43.145013,-77.55728,"WGS84",8
"Monroe",43.145013,-77.55728,"WGS84",5
"Monroe",43.145013,-77.55728,"WGS84",8
"Monroe",43.145013,-77.55728,"WGS84",10
"Monroe",43.145013,-77.55728,"WGS84",8
"Monroe",43.145013,-77.55728,"WGS84",11
"Monroe",43.145013,-77.55728,"WGS84",11
"Monroe",43.145013,-77.55728,"WGS84",8
"Monroe",43.145013,-77.55728,"WGS84",8
"Monroe",43.145013,-77.55728,"WGS84",8
"Monroe",43.145013,-77.55728,"WGS84",8
"Monroe",43.145013,-77.55728,"WGS84",8
"Monroe",43.145013,-77.55728,"WGS84",6
"Monroe",43.145013,-77.55728,"WGS84",8
"Monroe",43.145013,-77.55728,"WGS84",8
"Monroe",43.145013,-77.55728,"WGS84",5
"Monroe",43.145013,-77.55728,"WGS84",7
"Monroe",43.145013,-77.55728,"WGS84",7
"Monroe",43.145013,-77.55728,"WGS84",3
"Monroe",43.145013,-77.55728,"WGS84",12
"Monroe",43.145013,-77.55728,"WGS84",9
"Monroe",43.145013,-77.55728,"WGS84",8
"Monroe",43.145013,-77.55728,"WGS84",8
"Monroe",43.145013,-77.55728,"WGS84",10
"Monroe",43.145013,-77.55728,"WGS84",9
"Monroe",43.145013,-77.55728,"WGS84",8
"Monroe",43.145013,-77.55728,"WGS84",10
"Monroe",43.145013,-77.55728,"WGS84",5
"Monroe",43.145013,-77.55728,"WGS84",7
"Monroe",43.145013,-77.55728,"WGS84",2
"Monroe",43.145013,-77.55728,"WGS84",8
"Monroe",43.145013,-77.55728,"WGS84",7
"Monroe",43.145013,-77.55728,"WGS84",10
"Monroe",43.145013,-77.55728,"WGS84",9
"Monroe",43.145013,-77.55728,"WGS84",14
"Monroe",43.145013,-77.55728,"WGS84",11
"Monroe",43.145013,-77.55728,"WGS84",2
"Monroe",43.145013,-77.55728,"WGS84",7
"Monroe",43.145013,-77.55728,"WGS84",9
"Monroe",43.145013,-77.55728,"WGS84",15
"Monroe",43.145013,-77.55728,"WGS84",12
"Monroe",43.145013,-77.55728,"WGS84",9
"Monroe",43.145013,-77.55728,"WGS84",3
"Monroe",43.145013,-77.55728,"WGS84",15
"Monroe",43.145013,-77.55728,"WGS84",12
"Monroe",43.145013,-77.55728,"WGS84",6
"Monroe",43.145013,-77.55728,"WGS84",10
"Monroe",43.145013,-77.55728,"WGS84",14
"Monroe",43.145013,-77.55728,"WGS84",9
"Monroe",43.145013,-77.55728,"WGS84",4
"Monroe",43.145013,-77.55728,"WGS84",11
"Monroe",43.145013,-77.55728,"WGS84",9
"Monroe",43.145013,-77.55728,"WGS84",15
"Monroe",43.145013,-77.55728,"WGS84",10
"Monroe",43.145013,-77.55728,"WGS84",20
"Monroe",43.145013,-77.55728,"WGS84",8
"Monroe",43.145013,-77.55728,"WGS84",8
"Monroe",43.145013,-77.55728,"WGS84",11
"Monroe",43.145013,-77.55728,"WGS84",7
"Monroe",43.145013,-77.55728,"WGS84",9
"Monroe",43.145013,-77.55728,"WGS84",12
"Monroe",43.145013,-77.55728,"WGS84",6
"Monroe",43.145013,-77.55728,"WGS84",10
"Monroe",43.145013,-77.55728,"WGS84",11
"Monroe",43.145013,-77.55728,"WGS84",9
"Monroe",43.145013,-77.55728,"WGS84",7
"Monroe",43.145013,-77.55728,"WGS84",5
"Monroe",43.145013,-77.55728,"WGS84",9
"Monroe",43.145013,-77.55728,"WGS84",5
"Monroe",43.145013,-77.55728,"WGS84",3
"Monroe",43.145013,-77.55728,"WGS84",9
"Monroe",43.145013,-77.55728,"WGS84",7
"Monroe",43.145013,-77.55728,"WGS84",9
"Monroe",43.145013,-77.55728,"WGS84",8
"Monroe",43.145013,-77.55728,"WGS84",11
"Monroe",43.145013,-77.55728,"WGS84",9
"Monroe",43.145013,-77.55728,"WGS84",6
"Monroe",43.145013,-77.55728,"WGS84",7
"Monroe",43.145013,-77.55728,"WGS84",4
"Monroe",43.145013,-77.55728,"WGS84",5
"Monroe",43.145013,-77.55728,"WGS84",8
"Monroe",43.145013,-77.55728,"WGS84",6
"Monroe",43.145013,-77.55728,"WGS84",10
"Monroe",43.145013,-77.55728,"WGS84",6
"Monroe",43.145013,-77.55728,"WGS84",6
"Monroe",43.145013,-77.55728,"WGS84",10
"Monroe",43.145013,-77.55728,"WGS84",11
"Monroe",43.145013,-77.55728,"WGS84",9
"Monroe",43.145013,-77.55728,"WGS84",14
"Monroe",43.145013,-77.55728,"WGS84",7
"Monroe",43.145013,-77.55728,"WGS84",14
"Monroe",43.145013,-77.55728,"WGS84",10
"Monroe",43.145013,-77.55728,"WGS84",14
"Monroe",43.145013,-77.55728,"WGS84",13
"Monroe",43.145013,-77.55728,"WGS84",12
"Monroe",43.145013,-77.55728,"WGS84",14
"Monroe",43.145013,-77.55728,"WGS84",23
"Monroe",43.145013,-77.55728,"WGS84",10
"Monroe",43.145013,-77.55728,"WGS84",9
"Monroe",43.145013,-77.55728,"WGS84",13
"Monroe",43.145013,-77.55728,"WGS84",9
"Monroe",43.145013,-77.55728,"WGS84",8
"Monroe",43.145013,-77.55728,"WGS84",9
"Monroe",43.145013,-77.55728,"WGS84",13
"Monroe",43.145013,-77.55728,"WGS84",15
"Monroe",43.145013,-77.55728,"WGS84",12
"Monroe",43.145013,-77.55728,"WGS84",20
"Monroe",43.145013,-77.55728,"WGS84",4
"Monroe",43.145013,-77.55728,"WGS84",9
"Monroe",43.145013,-77.55728,"WGS84",9
"Monroe",43.145013,-77.55728,"WGS84",13
"Monroe",43.145013,-77.55728,"WGS84",13
"Monroe",43.145013,-77.55728,"WGS84",10
"Monroe",43.145013,-77.55728,"WGS84",5
"Monroe",43.145013,-77.55728,"WGS84",13
"Monroe",43.145013,-77.55728,"WGS84",9
"Monroe",43.145013,-77.55728,"WGS84",11
"Monroe",43.145013,-77.55728,"WGS84",12
"Monroe",43.145013,-77.55728,"WGS84",11
"Monroe",43.145013,-77.55728,"WGS84",10
"Monroe",43.145013,-77.55728,"WGS84",7
"Monroe",43.145013,-77.55728,"WGS84",19
"Monroe",43.145013,-77.55728,"WGS84",17
"Monroe",43.145013,-77.55728,"WGS84",8
"Monroe",43.145013,-77.55728,"WGS84",12
"Monroe",43.145013,-77.55728,"WGS84",13
"Monroe",43.145013,-77.55728,"WGS84",14
"Monroe",43.145013,-77.55728,"WGS84",11
"Monroe",43.145013,-77.55728,"WGS84",5
"Monroe",43.145013,-77.55728,"WGS84",10
"Monroe",43.145013,-77.55728,"WGS84",15
"Monroe",43.145013,-77.55728,"WGS84",10
"Monroe",43.145013,-77.55728,"WGS84",23
"Monroe",43.145013,-77.55728,"WGS84",24
"Monroe",43.145013,-77.55728,"WGS84",17
"Monroe",43.145013,-77.55728,"WGS84",8
"Monroe",43.145013,-77.55728,"WGS84",15
"Monroe",43.145013,-77.55728,"WGS84",13
"Monroe",43.145013,-77.55728,"WGS84",8
"Monroe",43.145013,-77.55728,"WGS84",10
"Monroe",43.145013,-77.55728,"WGS84",29
"Monroe",43.145013,-77.55728,"WGS84",20
"Monroe",43.145013,-77.55728,"WGS84",9
"Monroe",43.145013,-77.55728,"WGS84",23
"Monroe",43.145013,-77.55728,"WGS84",15
"Monroe",43.145013,-77.55728,"WGS84",20
"Monroe",43.145013,-77.55728,"WGS84",8
"Monroe",43.145013,-77.55728,"WGS84",5
"Monroe",43.145013,-77.55728,"WGS84",4
"Monroe",43.145013,-77.55728,"WGS84",7
"Monroe",43.145013,-77.55728,"WGS84",7
"Monroe",43.145013,-77.55728,"WGS84",26
"Monroe",43.145013,-77.55728,"WGS84",25
"Monroe",43.145013,-77.55728,"WGS84",10
"Queens",40.73614,-73.82153,"WGS84",12
"Queens",40.73614,-73.82153,"WGS84",39
"Queens",40.73614,-73.82153,"WGS84",33
"Queens",40.73614,-73.82153,"WGS84",28
"Queens",40.73614,-73.82153,"WGS84",12
"Queens",40.73614,-73.82153,"WGS84",37
"Queens",40.73614,-73.82153,"WGS84",38
"Queens",40.73614,-73.82153,"WGS84",25
"Queens",40.73614,-73.82153,"WGS84",40
"Queens",40.73614,-73.82153,"WGS84",41
"Queens",40.73614,-73.82153,"WGS84",37
"Queens",40.73614,-73.82153,"WGS84",17
"Queens",40.73614,-73.82153,"WGS84",23
"Queens",40.73614,-73.82153,"WGS84",24
"Queens",40.73614,-73.82153,"WGS84",38
"Queens",40.73614,-73.82153,"WGS84",23
"Queens",40.73614,-73.82153,"WGS84",18
"Queens",40.73614,-73.82153,"WGS84",39
"Queens",40.73614,-73.82153,"WGS84",20
"Queens",40.73614,-73.82153,"WGS84",15
"Queens",40.73614,-73.82153,"WGS84",42
"Queens",40.73614,-73.82153,"WGS84",58
"Queens",40.73614,-73.82153,"WGS84",49
"Queens",40.73614,-73.82153,"WGS84",53
"Queens",40.73614,-73.82153,"WGS84",30
"Queens",40.73614,-73.82153,"WGS84",23
"Queens",40.73614,-73.82153,"WGS84",25
"Queens",40.73614,-73.82153,"WGS84",15
"Queens",40.73614,-73.82153,"WGS84",20
"Queens",40.73614,-73.82153,"WGS84",42
"Queens",40.73614,-73.82153,"WGS84",43
"Queens",40.73614,-73.82153,"WGS84",38
"Queens",40.73614,-73.82153,"WGS84",26
"Queens",40.73614,-73.82153,"WGS84",45
"Queens",40.73614,-73.82153,"WGS84",50
"Queens",40.73614,-73.82153,"WGS84",35
"Queens",40.73614,-73.82153,"WGS84",22
"Queens",40.73614,-73.82153,"WGS84",23
"Queens",40.73614,-73.82153,"WGS84",42
"Queens",40.73614,-73.82153,"WGS84",25
"Queens",40.73614,-73.82153,"WGS84",27
"Queens",40.73614,-73.82153,"WGS84",28
"Queens",40.73614,-73.82153,"WGS84",19
"Queens",40.73614,-73.82153,"WGS84",40
"Queens",40.73614,-73.82153,"WGS84",15
"Queens",40.73614,-73.82153,"WGS84",24
"Queens",40.73614,-73.82153,"WGS84",50
"Queens",40.73614,-73.82153,"WGS84",48
"Queens",40.73614,-73.82153,"WGS84",37
"Queens",40.73614,-73.82153,"WGS84",35
"Queens",40.73614,-73.82153,"WGS84",20
"Queens",40.73614,-73.82153,"WGS84",29
"Queens",40.73614,-73.82153,"WGS84",36
"Queens",40.73614,-73.82153,"WGS84",46
"Queens",40.73614,-73.82153,"WGS84",46
"Queens",40.73614,-73.82153,"WGS84",39
"Queens",40.73614,-73.82153,"WGS84",22
"Queens",40.73614,-73.82153,"WGS84",23
"Queens",40.73614,-73.82153,"WGS84",16
"Queens",40.73614,-73.82153,"WGS84",12
"Queens",40.73614,-73.82153,"WGS84",47
"Queens",40.73614,-73.82153,"WGS84",47
"Queens",40.73614,-73.82153,"WGS84",32
"Queens",40.73614,-73.82153,"WGS84",17
"Queens",40.73614,-73.82153,"WGS84",17
"Queens",40.73614,-73.82153,"WGS84",43
"Queens",40.73614,-73.82153,"WGS84",15
"Queens",40.73614,-73.82153,"WGS84",27
"Queens",40.73614,-73.82153,"WGS84",42
"Queens",40.73614,-73.82153,"WGS84",43
"Queens",40.73614,-73.82153,"WGS84",44
"Queens",40.73614,-73.82153,"WGS84",49
"Queens",40.73614,-73.82153,"WGS84",12
"Queens",40.73614,-73.82153,"WGS84",9
"Queens",40.73614,-73.82153,"WGS84",28
"Queens",40.73614,-73.82153,"WGS84",9
"Queens",40.73614,-73.82153,"WGS84",30
"Queens",40.73614,-73.82153,"WGS84",37
"Queens",40.73614,-73.82153,"WGS84",28
"Queens",40.73614,-73.82153,"WGS84",24
"Queens",40.73614,-73.82153,"WGS84",6
"Queens",40.73614,-73.82153,"WGS84",6
"Queens",40.73614,-73.82153,"WGS84",12
"Queens",40.73614,-73.82153,"WGS84",22
"Queens",40.73614,-73.82153,"WGS84",15
"Queens",40.73614,-73.82153,"WGS84",22
"Queens",40.73614,-73.82153,"WGS84",36
"Queens",40.73614,-73.82153,"WGS84",16
"Queens",40.73614,-73.82153,"WGS84",6
"Queens",40.73614,-73.82153,"WGS84",22
"Queens",40.73614,-73.82153,"WGS84",8
"Queens",40.73614,-73.82153,"WGS84",12
"Queens",40.73614,-73.82153,"WGS84",13
"Queens",40.73614,-73.82153,"WGS84",8
"Queens",40.73614,-73.82153,"WGS84",10
"Queens",40.73614,-73.82153,"WGS84",23
"Queens",40.73614,-73.82153,"WGS84",28
"Queens",40.73614,-73.82153,"WGS84",15
"Queens",40.73614,-73.82153,"WGS84",22
"Queens",40.73614,-73.82153,"WGS84",20
"Queens",40.73614,-73.82153,"WGS84",9
"Queens",40.73614,-73.82153,"WGS84",19
"Queens",40.73614,-73.82153,"WGS84",45
"Queens",40.73614,-73.82153,"WGS84",8
"Queens",40.73614,-73.82153,"WGS84",12
"Queens",40.73614,-73.82153,"WGS84",13
"Queens",40.73614,-73.82153,"WGS84",9
"Queens",40.73614,-73.82153,"WGS84",14
"Queens",40.73614,-73.82153,"WGS84",14
"Queens",40.73614,-73.82153,"WGS84",34
"Queens",40.73614,-73.82153,"WGS84",20
"Queens",40.73614,-73.82153,"WGS84",25
"Queens",40.73614,-73.82153,"WGS84",10
"Queens",40.73614,-73.82153,"WGS84",21
"Queens",40.73614,-73.82153,"WGS84",33
"Queens",40.73614,-73.82153,"WGS84",34
"Queens",40.73614,-73.82153,"WGS84",9
"Queens",40.73614,-73.82153,"WGS84",11
"Queens",40.73614,-73.82153,"WGS84",25
"Queens",40.73614,-73.82153,"WGS84",26
"Queens",40.73614,-73.82153,"WGS84",5
"Queens",40.73614,-73.82153,"WGS84",17
"Queens",40.73614,-73.82153,"WGS84",14
"Queens",40.73614,-73.82153,"WGS84",13
"Queens",40.73614,-73.82153,"WGS84",14
"Queens",40.73614,-73.82153,"WGS84",22
"Queens",40.73614,-73.82153,"WGS84",28
"Queens",40.73614,-73.82153,"WGS84",36
"Queens",40.73614,-73.82153,"WGS84",13
"Queens",40.73614,-73.82153,"WGS84",6
"Queens",40.73614,-73.82153,"WGS84",10
"Queens",40.73614,-73.82153,"WGS84",35
"Queens",40.73614,-73.82153,"WGS84",8
"Queens",40.73614,-73.82153,"WGS84",42
"Queens",40.73614,-73.82153,"WGS84",41
"Queens",40.73614,-73.82153,"WGS84",28
"Queens",40.73614,-73.82153,"WGS84",17
"Queens",40.73614,-73.82153,"WGS84",5
"Queens",40.73614,-73.82153,"WGS84",8
"Queens",40.73614,-73.82153,"WGS84",7
"Queens",40.73614,-73.82153,"WGS84",8
"Queens",40.73614,-73.82153,"WGS84",26
"Queens",40.73614,-73.82153,"WGS84",27
"Queens",40.73614,-73.82153,"WGS84",10
"Queens",40.73614,-73.82153,"WGS84",7
"Queens",40.73614,-73.82153,"WGS84",26
"Queens",40.73614,-73.82153,"WGS84",13
"Queens",40.73614,-73.82153,"WGS84",13
"Queens",40.73614,-73.82153,"WGS84",16
"Queens",40.73614,-73.82153,"WGS84",15
"Queens",40.73614,-73.82153,"WGS84",19
"Queens",40.73614,-73.82153,"WGS84",4
"Queens",40.73614,-73.82153,"WGS84",26
"Queens",40.73614,-73.82153,"WGS84",34
"Queens",40.73614,-73.82153,"WGS84",17
"Queens",40.73614,-73.82153,"WGS84",33
"Queens",40.73614,-73.82153,"WGS84",18
"Queens",40.73614,-73.82153,"WGS84",23
"Queens",40.73614,-73.82153,"WGS84",17
"Queens",40.73614,-73.82153,"WGS84",22
"Queens",40.73614,-73.82153,"WGS84",30
"Queens",40.73614,-73.82153,"WGS84",22
"Queens",40.73614,-73.82153,"WGS84",21
"Queens",40.73614,-73.82153,"WGS84",22
"Queens",40.73614,-73.82153,"WGS84",3
"Queens",40.73614,-73.82153,"WGS84",8
"Queens",40.73614,-73.82153,"WGS84",13
"Queens",40.73614,-73.82153,"WGS84",17
"Queens",40.73614,-73.82153,"WGS84",10
"Queens",40.73614,-73.82153,"WGS84",8
"Queens",40.73614,-73.82153,"WGS84",22
"Queens",40.73614,-73.82153,"WGS84",27
"Queens",40.73614,-73.82153,"WGS84",21
"Queens",40.73614,-73.82153,"WGS84",20
"Queens",40.73614,-73.82153,"WGS84",18
"Queens",40.73614,-73.82153,"WGS84",15
"Queens",40.73614,-73.82153,"WGS84",23
"Queens",40.73614,-73.82153,"WGS84",27
"Queens",40.73614,-73.82153,"WGS84",30
"Queens",40.73614,-73.82153,"WGS84",24
"Queens",40.73614,-73.82153,"WGS84",21
"Queens",40.73614,-73.82153,"WGS84",21
"Queens",40.73614,-73.82153,"WGS84",12
"Queens",40.73614,-73.82153,"WGS84",25
"Queens",40.73614,-73.82153,"WGS84",21
"Queens",40.73614,-73.82153,"WGS84",9
"Queens",40.73614,-73.82153,"WGS84",27
"Queens",40.73614,-73.82153,"WGS84",30
"Queens",40.73614,-73.82153,"WGS84",6
"Queens",40.73614,-73.82153,"WGS84",11
"Queens",40.73614,-73.82153,"WGS84",14
"Queens",40.73614,-73.82153,"WGS84",7
"Queens",40.73614,-73.82153,"WGS84",13
"Queens",40.73614,-73.82153,"WGS84",7
"Queens",40.73614,-73.82153,"WGS84",16
"Queens",40.73614,-73.82153,"WGS84",11
"Queens",40.73614,-73.82153,"WGS84",9
"Queens",40.73614,-73.82153,"WGS84",5
"Queens",40.73614,-73.82153,"WGS84",15
"Queens",40.73614,-73.82153,"WGS84",27
"Queens",40.73614,-73.82153,"WGS84",15
"Queens",40.73614,-73.82153,"WGS84",19
"Queens",40.73614,-73.82153,"WGS84",22
"Queens",40.73614,-73.82153,"WGS84",17
"Queens",40.73614,-73.82153,"WGS84",13
"Queens",40.73614,-73.82153,"WGS84",22
"Queens",40.73614,-73.82153,"WGS84",25
"Queens",40.73614,-73.82153,"WGS84",15
"Queens",40.73614,-73.82153,"WGS84",21
"Queens",40.73614,-73.82153,"WGS84",19
"Queens",40.73614,-73.82153,"WGS84",24
"Queens",40.73614,-73.82153,"WGS84",28
"Queens",40.73614,-73.82153,"WGS84",25
"Queens",40.73614,-73.82153,"WGS84",26
"Queens",40.73614,-73.82153,"WGS84",6
"Queens",40.73614,-73.82153,"WGS84",12
"Queens",40.73614,-73.82153,"WGS84",12
"Queens",40.73614,-73.82153,"WGS84",16
"Queens",40.73614,-73.82153,"WGS84",35
"Queens",40.73614,-73.82153,"WGS84",23
"Queens",40.73614,-73.82153,"WGS84",16
"Queens",40.73614,-73.82153,"WGS84",13
"Queens",40.73614,-73.82153,"WGS84",21
"Queens",40.73614,-73.82153,"WGS84",15
"Queens",40.73614,-73.82153,"WGS84",25
"Queens",40.73614,-73.82153,"WGS84",28
"Queens",40.73614,-73.82153,"WGS84",17
"Queens",40.73614,-73.82153,"WGS84",9
"Queens",40.73614,-73.82153,"WGS84",3
"Queens",40.73614,-73.82153,"WGS84",22
"Queens",40.73614,-73.82153,"WGS84",27
"Queens",40.73614,-73.82153,"WGS84",20
"Queens",40.73614,-73.82153,"WGS84",16
"Queens",40.73614,-73.82153,"WGS84",18
"Queens",40.73614,-73.82153,"WGS84",14
"Queens",40.73614,-73.82153,"WGS84",19
"Queens",40.73614,-73.82153,"WGS84",19
"Queens",40.73614,-73.82153,"WGS84",22
"Queens",40.73614,-73.82153,"WGS84",15
"Queens",40.73614,-73.82153,"WGS84",22
"Queens",40.73614,-73.82153,"WGS84",23
"Queens",40.73614,-73.82153,"WGS84",16
"Queens",40.73614,-73.82153,"WGS84",10
"Queens",40.73614,-73.82153,"WGS84",13
"Queens",40.73614,-73.82153,"WGS84",16
"Queens",40.73614,-73.82153,"WGS84",16
"Queens",40.73614,-73.82153,"WGS84",13
"Queens",40.73614,-73.82153,"WGS84",20
"Queens",40.73614,-73.82153,"WGS84",9
"Queens",40.73614,-73.82153,"WGS84",14
"Queens",40.73614,-73.82153,"WGS84",19
"Queens",40.73614,-73.82153,"WGS84",21
"Queens",40.73614,-73.82153,"WGS84",22
"Queens",40.73614,-73.82153,"WGS84",13
"Queens",40.73614,-73.82153,"WGS84",13
"Queens",40.73614,-73.82153,"WGS84",9
"Queens",40.73614,-73.82153,"WGS84",9
"Queens",40.73614,-73.82153,"WGS84",13
"Queens",40.73614,-73.82153,"WGS84",24
"Queens",40.73614,-73.82153,"WGS84",28
"Queens",40.73614,-73.82153,"WGS84",22
"Queens",40.73614,-73.82153,"WGS84",18
"Queens",40.73614,-73.82153,"WGS84",6
"Queens",40.73614,-73.82153,"WGS84",13
"Queens",40.73614,-73.82153,"WGS84",29
"Queens",40.73614,-73.82153,"WGS84",25
"Queens",40.73614,-73.82153,"WGS84",38
"Queens",40.73614,-73.82153,"WGS84",45
"Queens",40.73614,-73.82153,"WGS84",36
"Queens",40.73614,-73.82153,"WGS84",25
"Queens",40.73614,-73.82153,"WGS84",7
"Queens",40.73614,-73.82153,"WGS84",10
"Queens",40.73614,-73.82153,"WGS84",10
"Queens",40.73614,-73.82153,"WGS84",15
"Queens",40.73614,-73.82153,"WGS84",23
"Queens",40.73614,-73.82153,"WGS84",21
"Queens",40.73614,-73.82153,"WGS84",19
"Queens",40.73614,-73.82153,"WGS84",16
"Queens",40.73614,-73.82153,"WGS84",21
"Queens",40.73614,-73.82153,"WGS84",27
"Queens",40.73614,-73.82153,"WGS84",16
"Queens",40.73614,-73.82153,"WGS84",13
"Queens",40.73614,-73.82153,"WGS84",26
"Queens",40.73614,-73.82153,"WGS84",8
"Queens",40.73614,-73.82153,"WGS84",14
"Queens",40.73614,-73.82153,"WGS84",6
"Queens",40.73614,-73.82153,"WGS84",11
"Queens",40.73614,-73.82153,"WGS84",34
"Queens",40.73614,-73.82153,"WGS84",35
"Queens",40.73614,-73.82153,"WGS84",21
"Queens",40.73614,-73.82153,"WGS84",33
"Queens",40.73614,-73.82153,"WGS84",23
"Queens",40.73614,-73.82153,"WGS84",28
"Queens",40.73614,-73.82153,"WGS84",25
"Queens",40.73614,-73.82153,"WGS84",21
"Queens",40.73614,-73.82153,"WGS84",37
"Queens",40.73614,-73.82153,"WGS84",26
"Queens",40.73614,-73.82153,"WGS84",10
"Queens",40.73614,-73.82153,"WGS84",10
"Queens",40.73614,-73.82153,"WGS84",17
"Queens",40.73614,-73.82153,"WGS84",22
"Queens",40.73614,-73.82153,"WGS84",20
"Queens",40.73614,-73.82153,"WGS84",17
"Queens",40.73614,-73.82153,"WGS84",19
"Queens",40.73614,-73.82153,"WGS84",27
"Queens",40.73614,-73.82153,"WGS84",19
"Queens",40.73614,-73.82153,"WGS84",12
"Queens",40.73614,-73.82153,"WGS84",18
"Queens",40.73614,-73.82153,"WGS84",28
"Queens",40.73614,-73.82153,"WGS84",28
"Queens",40.73614,-73.82153,"WGS84",35
"Queens",40.73614,-73.82153,"WGS84",51
"Queens",40.73614,-73.82153,"WGS84",55
"Queens",40.73614,-73.82153,"WGS84",74
"Queens",40.73614,-73.82153,"WGS84",34
"Queens",40.73614,-73.82153,"WGS84",23
"Queens",40.73614,-73.82153,"WGS84",19
"Queens",40.73614,-73.82153,"WGS84",24
"Queens",40.73614,-73.82153,"WGS84",21
"Queens",40.73614,-73.82153,"WGS84",27
"Queens",40.73614,-73.82153,"WGS84",31
"Queens",40.73614,-73.82153,"WGS84",34
"Queens",40.73614,-73.82153,"WGS84",13
"Queens",40.73614,-73.82153,"WGS84",36
"Queens",40.73614,-73.82153,"WGS84",34
"Queens",40.73614,-73.82153,"WGS84",37
"Queens",40.73614,-73.82153,"WGS84",10
"Queens",40.73614,-73.82153,"WGS84",24
"Queens",40.73614,-73.82153,"WGS84",31
"Queens",40.73614,-73.82153,"WGS84",36
"Queens",40.73614,-73.82153,"WGS84",29
"Queens",40.73614,-73.82153,"WGS84",31
"Queens",40.73614,-73.82153,"WGS84",26
"Queens",40.73614,-73.82153,"WGS84",31
"Queens",40.73614,-73.82153,"WGS84",29
"Queens",40.73614,-73.82153,"WGS84",14
"Queens",40.73614,-73.82153,"WGS84",15
"Queens",40.73614,-73.82153,"WGS84",30
"Queens",40.73614,-73.82153,"WGS84",32
"Queens",40.73614,-73.82153,"WGS84",32
"Queens",40.73614,-73.82153,"WGS84",8
"Queens",40.73614,-73.82153,"WGS84",26
"Queens",40.73614,-73.82153,"WGS84",12
"Queens",40.73614,-73.82153,"WGS84",32
"Queens",40.73614,-73.82153,"WGS84",34
"Queens",40.73614,-73.82153,"WGS84",45
"Queens",40.73614,-73.82153,"WGS84",35
"Queens",40.73614,-73.82153,"WGS84",32
"Queens",40.73614,-73.82153,"WGS84",22
"Queens",40.73614,-73.82153,"WGS84",15
"Queens",40.73614,-73.82153,"WGS84",12
"Queens",40.73614,-73.82153,"WGS84",18
"Queens",40.73614,-73.82153,"WGS84",27
"Queens",40.73614,-73.82153,"WGS84",44
"Queens",40.73614,-73.82153,"WGS84",41
"Queens",40.73614,-73.82153,"WGS84",35
"Queens",40.73614,-73.82153,"WGS84",29
"Queens",40.73614,-73.82153,"WGS84",31
"Queens",40.73614,-73.82153,"WGS84",33
"Queens",40.73614,-73.82153,"WGS84",6
"Queens",40.73614,-73.82153,"WGS84",13
"Queens",40.73614,-73.82153,"WGS84",36
"Queens",40.73614,-73.82153,"WGS84",35
"Queens",40.73614,-73.82153,"WGS84",22
"Queens",40.73614,-73.82153,"WGS84",36
"Queens",40.73614,-73.82153,"WGS84",27
"Queens",40.739264,-73.817694,"NAD83",16
"Queens",40.739264,-73.817694,"NAD83",35
"Queens",40.739264,-73.817694,"NAD83",30
"Queens",40.739264,-73.817694,"NAD83",25
"Queens",40.739264,-73.817694,"NAD83",17
"Queens",40.739264,-73.817694,"NAD83",34
"Queens",40.739264,-73.817694,"NAD83",35
"Queens",40.739264,-73.817694,"NAD83",23
"Queens",40.739264,-73.817694,"NAD83",36
"Queens",40.739264,-73.817694,"NAD83",37
"Queens",40.739264,-73.817694,"NAD83",31
"Queens",40.739264,-73.817694,"NAD83",21
"Queens",40.739264,-73.817694,"NAD83",41
"Queens",40.739264,-73.817694,"NAD83",25
"Queens",40.739264,-73.817694,"NAD83",35
"Queens",40.739264,-73.817694,"NAD83",21
"Queens",40.739264,-73.817694,"NAD83",20
"Queens",40.739264,-73.817694,"NAD83",37
"Queens",40.739264,-73.817694,"NAD83",20
"Queens",40.739264,-73.817694,"NAD83",20
"Queens",40.739264,-73.817694,"NAD83",46
"Queens",40.739264,-73.817694,"NAD83",51
"Queens",40.739264,-73.817694,"NAD83",43
"Queens",40.739264,-73.817694,"NAD83",51
"Queens",40.739264,-73.817694,"NAD83",32
"Queens",40.739264,-73.817694,"NAD83",21
"Queens",40.739264,-73.817694,"NAD83",23
"Queens",40.739264,-73.817694,"NAD83",21
"Queens",40.739264,-73.817694,"NAD83",28
"Queens",40.739264,-73.817694,"NAD83",41
"Queens",40.739264,-73.817694,"NAD83",46
"Queens",40.739264,-73.817694,"NAD83",35
"Queens",40.739264,-73.817694,"NAD83",24
"Queens",40.739264,-73.817694,"NAD83",42
"Queens",40.739264,-73.817694,"NAD83",43
"Queens",40.739264,-73.817694,"NAD83",31
"Queens",40.739264,-73.817694,"NAD83",38
"Queens",40.739264,-73.817694,"NAD83",34
"Queens",40.739264,-73.817694,"NAD83",39
"Queens",40.739264,-73.817694,"NAD83",28
"Queens",40.739264,-73.817694,"NAD83",26
"Queens",40.739264,-73.817694,"NAD83",53
"Queens",40.739264,-73.817694,"NAD83",26
"Queens",40.739264,-73.817694,"NAD83",42
"Queens",40.739264,-73.817694,"NAD83",22
"Queens",40.739264,-73.817694,"NAD83",24
"Queens",40.739264,-73.817694,"NAD83",43
"Queens",40.739264,-73.817694,"NAD83",43
"Queens",40.739264,-73.817694,"NAD83",52
"Queens",40.739264,-73.817694,"NAD83",32
"Queens",40.739264,-73.817694,"NAD83",25
"Queens",40.739264,-73.817694,"NAD83",26
"Queens",40.739264,-73.817694,"NAD83",32
"Queens",40.739264,-73.817694,"NAD83",42
"Queens",40.739264,-73.817694,"NAD83",42
"Queens",40.739264,-73.817694,"NAD83",35
"Queens",40.739264,-73.817694,"NAD83",47
"Queens",40.739264,-73.817694,"NAD83",27
"Queens",40.739264,-73.817694,"NAD83",18
"Queens",40.739264,-73.817694,"NAD83",13
"Queens",40.739264,-73.817694,"NAD83",44
"Queens",40.739264,-73.817694,"NAD83",44
"Queens",40.739264,-73.817694,"NAD83",33
"Queens",40.739264,-73.817694,"NAD83",18
"Queens",40.739264,-73.817694,"NAD83",24
"Queens",40.739264,-73.817694,"NAD83",57
"Queens",40.739264,-73.817694,"NAD83",21
"Queens",40.739264,-73.817694,"NAD83",28
"Queens",40.739264,-73.817694,"NAD83",40
"Queens",40.739264,-73.817694,"NAD83",42
"Queens",40.739264,-73.817694,"NAD83",42
"Queens",40.739264,-73.817694,"NAD83",47
"Queens",40.739264,-73.817694,"NAD83",19
"Queens",40.739264,-73.817694,"NAD83",15
"Queens",40.739264,-73.817694,"NAD83",27
"Queens",40.739264,-73.817694,"NAD83",39
"Queens",40.739264,-73.817694,"NAD83",28
"Queens",40.739264,-73.817694,"NAD83",41
"Queens",40.739264,-73.817694,"NAD83",30
"Queens",40.739264,-73.817694,"NAD83",22
"Queens",40.739264,-73.817694,"NAD83",11
"Queens",40.739264,-73.817694,"NAD83",7
"Queens",40.739264,-73.817694,"NAD83",30
"Queens",40.739264,-73.817694,"NAD83",27
"Queens",40.739264,-73.817694,"NAD83",32
"Queens",40.739264,-73.817694,"NAD83",28
"Queens",40.739264,-73.817694,"NAD83",37
"Queens",40.739264,-73.817694,"NAD83",23
"Queens",40.739264,-73.817694,"NAD83",8
"Queens",40.739264,-73.817694,"NAD83",30
"Queens",40.739264,-73.817694,"NAD83",24
"Queens",40.739264,-73.817694,"NAD83",25
"Queens",40.739264,-73.817694,"NAD83",18
"Queens",40.739264,-73.817694,"NAD83",12
"Queens",40.739264,-73.817694,"NAD83",9
"Queens",40.739264,-73.817694,"NAD83",25
"Queens",40.739264,-73.817694,"NAD83",30
"Queens",40.739264,-73.817694,"NAD83",23
"Queens",40.739264,-73.817694,"NAD83",22
"Queens",40.739264,-73.817694,"NAD83",21
"Queens",40.739264,-73.817694,"NAD83",10
"Queens",40.739264,-73.817694,"NAD83",28
"Queens",40.739264,-73.817694,"NAD83",41
"Queens",40.739264,-73.817694,"NAD83",8
"Queens",40.739264,-73.817694,"NAD83",16
"Queens",40.739264,-73.817694,"NAD83",16
"Queens",40.739264,-73.817694,"NAD83",12
"Queens",40.739264,-73.817694,"NAD83",22
"Queens",40.739264,-73.817694,"NAD83",19
"Queens",40.739264,-73.817694,"NAD83",32
"Queens",40.739264,-73.817694,"NAD83",23
"Queens",40.739264,-73.817694,"NAD83",22
"Queens",40.739264,-73.817694,"NAD83",16
"Queens",40.739264,-73.817694,"NAD83",27
"Queens",40.739264,-73.817694,"NAD83",32
"Queens",40.739264,-73.817694,"NAD83",32
"Queens",40.739264,-73.817694,"NAD83",10
"Queens",40.739264,-73.817694,"NAD83",15
"Queens",40.739264,-73.817694,"NAD83",26
"Queens",40.739264,-73.817694,"NAD83",29
"Queens",40.739264,-73.817694,"NAD83",18
"Queens",40.739264,-73.817694,"NAD83",21
"Queens",40.739264,-73.817694,"NAD83",14
"Queens",40.739264,-73.817694,"NAD83",12
"Queens",40.739264,-73.817694,"NAD83",28
"Queens",40.739264,-73.817694,"NAD83",26
"Queens",40.739264,-73.817694,"NAD83",26
"Queens",40.739264,-73.817694,"NAD83",36
"Queens",40.739264,-73.817694,"NAD83",25
"Queens",40.739264,-73.817694,"NAD83",8
"Queens",40.739264,-73.817694,"NAD83",10
"Queens",40.739264,-73.817694,"NAD83",32
"Queens",40.739264,-73.817694,"NAD83",13
"Queens",40.739264,-73.817694,"NAD83",40
"Queens",40.739264,-73.817694,"NAD83",42
"Queens",40.739264,-73.817694,"NAD83",29
"Queens",40.739264,-73.817694,"NAD83",18
"Queens",40.739264,-73.817694,"NAD83",6
"Queens",40.739264,-73.817694,"NAD83",46
"Queens",40.739264,-73.817694,"NAD83",26
"Queens",40.739264,-73.817694,"NAD83",22
"Queens",40.739264,-73.817694,"NAD83",29
"Queens",40.739264,-73.817694,"NAD83",28
"Queens",40.739264,-73.817694,"NAD83",14
"Queens",40.739264,-73.817694,"NAD83",12
"Queens",40.739264,-73.817694,"NAD83",18
"Queens",40.739264,-73.817694,"NAD83",16
"Queens",40.739264,-73.817694,"NAD83",16
"Queens",40.739264,-73.817694,"NAD83",15
"Queens",40.739264,-73.817694,"NAD83",11
"Queens",40.739264,-73.817694,"NAD83",21
"Queens",40.739264,-73.817694,"NAD83",8
"Queens",40.739264,-73.817694,"NAD83",25
"Queens",40.739264,-73.817694,"NAD83",32
"Queens",40.739264,-73.817694,"NAD83",22
"Queens",40.739264,-73.817694,"NAD83",35
"Queens",40.739264,-73.817694,"NAD83",20
"Queens",40.739264,-73.817694,"NAD83",18
"Queens",40.739264,-73.817694,"NAD83",20
"Queens",40.739264,-73.817694,"NAD83",25
"Queens",40.739264,-73.817694,"NAD83",30
"Queens",40.739264,-73.817694,"NAD83",26
"Queens",40.739264,-73.817694,"NAD83",22
"Queens",40.739264,-73.817694,"NAD83",24
"Queens",40.739264,-73.817694,"NAD83",8
"Queens",40.739264,-73.817694,"NAD83",12
"Queens",40.739264,-73.817694,"NAD83",18
"Queens",40.739264,-73.817694,"NAD83",39
"Queens",40.739264,-73.817694,"NAD83",17
"Queens",40.739264,-73.817694,"NAD83",12
"Queens",40.739264,-73.817694,"NAD83",25
"Queens",40.739264,-73.817694,"NAD83",28
"Queens",40.739264,-73.817694,"NAD83",21
"Queens",40.739264,-73.817694,"NAD83",22
"Queens",40.739264,-73.817694,"NAD83",21
"Queens",40.739264,-73.817694,"NAD83",13
"Queens",40.739264,-73.817694,"NAD83",22
"Queens",40.739264,-73.817694,"NAD83",29
"Queens",40.739264,-73.817694,"NAD83",31
"Queens",40.739264,-73.817694,"NAD83",25
"Queens",40.739264,-73.817694,"NAD83",27
"Queens",40.739264,-73.817694,"NAD83",20
"Queens",40.739264,-73.817694,"NAD83",20
"Queens",40.739264,-73.817694,"NAD83",28
"Queens",40.739264,-73.817694,"NAD83",25
"Queens",40.739264,-73.817694,"NAD83",8
"Queens",40.739264,-73.817694,"NAD83",27
"Queens",40.739264,-73.817694,"NAD83",31
"Queens",40.739264,-73.817694,"NAD83",25
"Queens",40.739264,-73.817694,"NAD83",11
"Queens",40.739264,-73.817694,"NAD83",16
"Queens",40.739264,-73.817694,"NAD83",12
"Queens",40.739264,-73.817694,"NAD83",15
"Queens",40.739264,-73.817694,"NAD83",14
"Queens",40.739264,-73.817694,"NAD83",22
"Queens",40.739264,-73.817694,"NAD83",22
"Queens",40.739264,-73.817694,"NAD83",20
"Queens",40.739264,-73.817694,"NAD83",10
"Queens",40.739264,-73.817694,"NAD83",18
"Queens",40.739264,-73.817694,"NAD83",29
"Queens",40.739264,-73.817694,"NAD83",19
"Queens",40.739264,-73.817694,"NAD83",27
"Queens",40.739264,-73.817694,"NAD83",30
"Queens",40.739264,-73.817694,"NAD83",25
"Queens",40.739264,-73.817694,"NAD83",19
"Queens",40.739264,-73.817694,"NAD83",29
"Queens",40.739264,-73.817694,"NAD83",24
"Queens",40.739264,-73.817694,"NAD83",14
"Queens",40.739264,-73.817694,"NAD83",28
"Queens",40.739264,-73.817694,"NAD83",21
"Queens",40.739264,-73.817694,"NAD83",27
"Queens",40.739264,-73.817694,"NAD83",33
"Queens",40.739264,-73.817694,"NAD83",25
"Queens",40.739264,-73.817694,"NAD83",30
"Queens",40.739264,-73.817694,"NAD83",8
"Queens",40.739264,-73.817694,"NAD83",15
"Queens",40.739264,-73.817694,"NAD83",16
"Queens",40.739264,-73.817694,"NAD83",16
"Queens",40.739264,-73.817694,"NAD83",37
"Queens",40.739264,-73.817694,"NAD83",36
"Queens",40.739264,-73.817694,"NAD83",19
"Queens",40.739264,-73.817694,"NAD83",16
"Queens",40.739264,-73.817694,"NAD83",24
"Queens",40.739264,-73.817694,"NAD83",16
"Queens",40.739264,-73.817694,"NAD83",27
"Queens",40.739264,-73.817694,"NAD83",25
"Queens",40.739264,-73.817694,"NAD83",25
"Queens",40.739264,-73.817694,"NAD83",18
"Queens",40.739264,-73.817694,"NAD83",6
"Queens",40.739264,-73.817694,"NAD83",24
"Queens",40.739264,-73.817694,"NAD83",26
"Queens",40.739264,-73.817694,"NAD83",26
"Queens",40.739264,-73.817694,"NAD83",22
"Queens",40.739264,-73.817694,"NAD83",19
"Queens",40.739264,-73.817694,"NAD83",13
"Queens",40.739264,-73.817694,"NAD83",24
"Queens",40.739264,-73.817694,"NAD83",19
"Queens",40.739264,-73.817694,"NAD83",25
"Queens",40.739264,-73.817694,"NAD83",26
"Queens",40.739264,-73.817694,"NAD83",30
"Queens",40.739264,-73.817694,"NAD83",27
"Queens",40.739264,-73.817694,"NAD83",26
"Queens",40.739264,-73.817694,"NAD83",25
"Queens",40.739264,-73.817694,"NAD83",27
"Queens",40.739264,-73.817694,"NAD83",32
"Queens",40.739264,-73.817694,"NAD83",23
"Queens",40.739264,-73.817694,"NAD83",20
"Queens",40.739264,-73.817694,"NAD83",22
"Queens",40.739264,-73.817694,"NAD83",16
"Queens",40.739264,-73.817694,"NAD83",13
"Queens",40.739264,-73.817694,"NAD83",26
"Queens",40.739264,-73.817694,"NAD83",23
"Queens",40.739264,-73.817694,"NAD83",25
"Queens",40.739264,-73.817694,"NAD83",18
"Queens",40.739264,-73.817694,"NAD83",22
"Queens",40.739264,-73.817694,"NAD83",12
"Queens",40.739264,-73.817694,"NAD83",12
"Queens",40.739264,-73.817694,"NAD83",20
"Queens",40.739264,-73.817694,"NAD83",27
"Queens",40.739264,-73.817694,"NAD83",26
"Queens",40.739264,-73.817694,"NAD83",23
"Queens",40.739264,-73.817694,"NAD83",18
"Queens",40.739264,-73.817694,"NAD83",13
"Queens",40.739264,-73.817694,"NAD83",19
"Queens",40.739264,-73.817694,"NAD83",33
"Queens",40.739264,-73.817694,"NAD83",27
"Queens",40.739264,-73.817694,"NAD83",40
"Queens",40.739264,-73.817694,"NAD83",45
"Queens",40.739264,-73.817694,"NAD83",36
"Queens",40.739264,-73.817694,"NAD83",26
"Queens",40.739264,-73.817694,"NAD83",11
"Queens",40.739264,-73.817694,"NAD83",11
"Queens",40.739264,-73.817694,"NAD83",13
"Queens",40.739264,-73.817694,"NAD83",16
"Queens",40.739264,-73.817694,"NAD83",24
"Queens",40.739264,-73.817694,"NAD83",28
"Queens",40.739264,-73.817694,"NAD83",23
"Queens",40.739264,-73.817694,"NAD83",21
"Queens",40.739264,-73.817694,"NAD83",26
"Queens",40.739264,-73.817694,"NAD83",28
"Queens",40.739264,-73.817694,"NAD83",15
"Queens",40.739264,-73.817694,"NAD83",20
"Queens",40.739264,-73.817694,"NAD83",28
"Queens",40.739264,-73.817694,"NAD83",7
"Queens",40.739264,-73.817694,"NAD83",14
"Queens",40.739264,-73.817694,"NAD83",19
"Queens",40.739264,-73.817694,"NAD83",15
"Queens",40.739264,-73.817694,"NAD83",36
"Queens",40.739264,-73.817694,"NAD83",33
"Queens",40.739264,-73.817694,"NAD83",32
"Queens",40.739264,-73.817694,"NAD83",28
"Queens",40.739264,-73.817694,"NAD83",25
"Queens",40.739264,-73.817694,"NAD83",29
"Queens",40.739264,-73.817694,"NAD83",25
"Queens",40.739264,-73.817694,"NAD83",22
"Queens",40.739264,-73.817694,"NAD83",39
"Queens",40.739264,-73.817694,"NAD83",25
"Queens",40.739264,-73.817694,"NAD83",12
"Queens",40.739264,-73.817694,"NAD83",15
"Queens",40.739264,-73.817694,"NAD83",26
"Queens",40.739264,-73.817694,"NAD83",23
"Queens",40.739264,-73.817694,"NAD83",24
"Queens",40.739264,-73.817694,"NAD83",22
"Queens",40.739264,-73.817694,"NAD83",21
"Queens",40.739264,-73.817694,"NAD83",27
"Queens",40.739264,-73.817694,"NAD83",17
"Queens",40.739264,-73.817694,"NAD83",16
"Queens",40.739264,-73.817694,"NAD83",25
"Queens",40.739264,-73.817694,"NAD83",33
"Queens",40.739264,-73.817694,"NAD83",27
"Queens",40.739264,-73.817694,"NAD83",36
"Queens",40.739264,-73.817694,"NAD83",52
"Queens",40.739264,-73.817694,"NAD83",47
"Queens",40.739264,-73.817694,"NAD83",70
"Queens",40.739264,-73.817694,"NAD83",32
"Queens",40.739264,-73.817694,"NAD83",27
"Queens",40.739264,-73.817694,"NAD83",21
"Queens",40.739264,-73.817694,"NAD83",24
"Queens",40.739264,-73.817694,"NAD83",25
"Queens",40.739264,-73.817694,"NAD83",25
"Queens",40.739264,-73.817694,"NAD83",33
"Queens",40.739264,-73.817694,"NAD83",34
"Queens",40.739264,-73.817694,"NAD83",19
"Queens",40.739264,-73.817694,"NAD83",35
"Queens",40.739264,-73.817694,"NAD83",36
"Queens",40.739264,-73.817694,"NAD83",34
"Queens",40.739264,-73.817694,"NAD83",14
"Queens",40.739264,-73.817694,"NAD83",23
"Queens",40.739264,-73.817694,"NAD83",31
"Queens",40.739264,-73.817694,"NAD83",35
"Queens",40.739264,-73.817694,"NAD83",29
"Queens",40.739264,-73.817694,"NAD83",32
"Queens",40.739264,-73.817694,"NAD83",27
"Queens",40.739264,-73.817694,"NAD83",30
"Queens",40.739264,-73.817694,"NAD83",32
"Queens",40.739264,-73.817694,"NAD83",16
"Queens",40.739264,-73.817694,"NAD83",14
"Queens",40.739264,-73.817694,"NAD83",29
"Queens",40.739264,-73.817694,"NAD83",32
"Queens",40.739264,-73.817694,"NAD83",32
"Queens",40.739264,-73.817694,"NAD83",13
"Queens",40.739264,-73.817694,"NAD83",31
"Queens",40.739264,-73.817694,"NAD83",18
"Queens",40.739264,-73.817694,"NAD83",31
"Queens",40.739264,-73.817694,"NAD83",30
"Queens",40.739264,-73.817694,"NAD83",39
"Queens",40.739264,-73.817694,"NAD83",35
"Queens",40.739264,-73.817694,"NAD83",31
"Queens",40.739264,-73.817694,"NAD83",24
"Queens",40.739264,-73.817694,"NAD83",22
"Queens",40.739264,-73.817694,"NAD83",25
"Queens",40.739264,-73.817694,"NAD83",21
"Queens",40.739264,-73.817694,"NAD83",32
"Queens",40.739264,-73.817694,"NAD83",40
"Queens",40.739264,-73.817694,"NAD83",38
"Queens",40.739264,-73.817694,"NAD83",35
"Queens",40.739264,-73.817694,"NAD83",27
"Queens",40.739264,-73.817694,"NAD83",37
"Queens",40.739264,-73.817694,"NAD83",7
"Queens",40.739264,-73.817694,"NAD83",6
"Queens",40.739264,-73.817694,"NAD83",14
"Queens",40.739264,-73.817694,"NAD83",35
"Queens",40.739264,-73.817694,"NAD83",34
"Queens",40.739264,-73.817694,"NAD83",22
"Queens",40.739264,-73.817694,"NAD83",35
"Queens",40.739264,-73.817694,"NAD83",27
