"File identification","State Postal Abbreviation","Summary Level","Geographic Component","Logical Record Number","US","Census Region","Census Division","State (Census Code)","State (FIPS Code)","County of current residence","County Subdivision (FIPS)","Place (FIPS Code)","Census Tract","Block Group","Consolidated City","American Indian Area/Alaska Native Area/ Hawaiian Home Land (Census)","American Indian Area/Alaska Native Area/ Hawaiian Home Land (FIPS)","American Indian Trust Land/Hawaiian Home Land Indicator","American Indian Tribal Subdivision (Census)","American Indian Tribal Subdivision (FIPS)","Alaska Native Regional Corporation (FIPS)","Metropolitan and Micropolitan Statistical Area","Combined Statistical Area","Metropolitan Statistical Area- Metropolitan Division","Metropolitan Area Central City","Metropolitan/Micropolitan Indicator Flag","New England City and Town Area","New England City and Town Combined Statistical Area","New England City and Town Area Division","Urban Area","Current Congressional District ***","State Legislative District Upper","State Legislative District Lower","5-digit ZIP Code Tabulation Area","Subminor Civil Division (FIPS)","State-School District (Elementary)","State-School District (Secondary)","State-School District (Unified)","Urban/Rural","Principal City Indicator","Public Use Microdata Area â€“ 5% File","Geographic Identifier","Area Name","Tribal Tract","Tribal Block Group","Qualifying Name","FIPS","Area (Land)","Area (Water)","Place (State FIPS + Place FIPS)","Urban Area Central Place","Voting District","ZIP Code Tabulation Area (3-digit)","Traffic Analysis Zone","Urban Growth Area","Public Use Microdata Area - 1% File","Total Population","Area Total:","Area Total: Area (Land)","Area Total: Area (Water)","Total Population:","Total Population: White Alone","Total Population: Black or African American Alone","Total Population: American Indian and Alaska Native Alone","Total Population: Asian Alone","Total Population: Native Hawaiian and Other Pacific Islander Alone","Total Population: Some Other Race Alone","Total Population: Two or More Races"
Geo_FILEID,Geo_STUSAB,Geo_SUMLEV,Geo_GEOCOMP,Geo_LOGRECNO,Geo_US,Geo_REGION,Geo_DIVISION,Geo_STATECE,Geo_STATE,Geo_COUNTY,Geo_COUSUB,Geo_PLACE,Geo_TRACT,Geo_BLKGRP,Geo_CONCIT,Geo_AIANHH,Geo_AIANHHFP,Geo_AIHHTLI,Geo_AITSCE,Geo_AITS,Geo_ANRC,Geo_CBSA,Geo_CSA,Geo_METDIV,Geo_MACC,Geo_MEMI,Geo_NECTA,Geo_CNECTA,Geo_NECTADIV,Geo_UA,Geo_CDCURR,Geo_SLDU,Geo_SLDL,Geo_ZCTA5,Geo_SUBMCD,Geo_SDELM,Geo_SDSEC,Geo_SDUNI,Geo_UR,Geo_PCI,Geo_PUMA5,Geo_GEOID,Geo_NAME,Geo_BTTR,Geo_BTBG,Geo_QName,Geo_FIPS,Geo_AREALAND,Geo_AREAWATR,Geo_PLACESE,Geo_UACP,Geo_VTD,Geo_ZCTA3,Geo_TAZ,Geo_UGA,Geo_PUMA1,SE_A00001_001,SE_A00003_001,SE_A00003_002,SE_A00003_003,SE_A03001_001,SE_A03001_002,SE_A03001_003,SE_A03001_004,SE_A03001_005,SE_A03001_006,SE_A03001_007,SE_A03001_008
"ACSSF","us","860","00","0013325",,,,,,,,,,,,,,,,,,,,,,,,,,,,,,"10301",,,,,,,,"86000US10301","ZCTA 10301",,,"ZCTA 10301","10310301","9189257","12647",,,,"103",,,,38001,3.552875,3.547992,0.004883034,38001,21927,8300,25,3009,6,1884,2850
"ACSSF","us","860","00","0013326",,,,,,,,,,,,,,,,,,,,,,,,,,,,,,"10302",,,,,,,,"86000US10302","ZCTA 10302",,,"ZCTA 10302","10310302","3079086","0",,,,"103",,,,17942,1.188842,1.188842,0,17942,9247,4584,163,1211,18,1953,766
"ACSSF","us","860","00","0013327",,,,,,,,,,,,,,,,,,,,,,,,,,,,,,"10303",,,,,,,,"86000US10303","ZCTA 10303",,,"ZCTA 10303","10310303","8141997","73294",,,,"103",,,,27164,3.171942,3.143643,0.02829897,27164,11474,8918,57,2071,0,2508,2136
"ACSSF","us","860","00","0013328",,,,,,,,,,,,,,,,,,,,,,,,,,,,,,"10304",,,,,,,,"86000US10304","ZCTA 10304",,,"ZCTA 10304","10310304","9655858","19194",,,,"103",,,,42133,3.735559,3.728148,0.007410845,42133,21822,11931,42,4063,28,3055,1192
"ACSSF","us","860","00","0013329",,,,,,,,,,,,,,,,,,,,,,,,,,,,,,"10305",,,,,,,,"86000US10305","ZCTA 10305",,,"ZCTA 10305","10310305","10304612","44453",,,,"103",,,,42968,3.995796,3.978633,0.0171634,42968,29468,2889,59,7404,16,1543,1589
"ACSSF","us","860","00","0013330",,,,,,,,,,,,,,,,,,,,,,,,,,,,,,"10306",,,,,,,,"86000US10306","ZCTA 10306",,,"ZCTA 10306","10310306","19359801","152157",,,,"103",,,,54318,7.533609,7.474861,0.05874815,54318,43058,1874,125,4696,0,1397,3168
"ACSSF","us","860","00","0013331",,,,,,,,,,,,,,,,,,,,,,,,,,,,,,"10307",,,,,,,,"86000US10307","ZCTA 10307",,,"ZCTA 10307","10310307","4764129","18350",,,,"103",,,,15053,1.846526,1.839441,0.007084975,15053,13834,17,0,691,0,152,359
"ACSSF","us","860","00","0013332",,,,,,,,,,,,,,,,,,,,,,,,,,,,,,"10308",,,,,,,,"86000US10308","ZCTA 10308",,,"ZCTA 10308","10310308","5097991","12014",,,,"103",,,,28901,1.972984,1.968345,0.004638631,28901,26378,463,24,1548,0,174,314
"ACSSF","us","860","00","0013333",,,,,,,,,,,,,,,,,,,,,,,,,,,,,,"10309",,,,,,,,"86000US10309","ZCTA 10309",,,"ZCTA 10309","10310309","17239616","102043",,,,"103",,,,33896,6.695652,6.656253,0.03939902,33896,31759,200,128,806,0,595,408
"ACSSF","us","860","00","0013334",,,,,,,,,,,,,,,,,,,,,,,,,,,,,,"10310",,,,,,,,"86000US10310","ZCTA 10310",,,"ZCTA 10310","10310310","4651583","0",,,,"103",,,,24168,1.795986,1.795986,0,24168,13815,5557,130,1502,0,2003,1161
"ACSSF","us","860","00","0013335",,,,,,,,,,,,,,,,,,,,,,,,,,,,,,"10311",,,,,,,,"86000US10311","ZCTA 10311",,,"ZCTA 10311","10310311","121555","0",,,,"103",,,,0,0.04693265,0.04693265,0,0,0,0,0,0,0,0,0
"ACSSF","us","860","00","0013336",,,,,,,,,,,,,,,,,,,,,,,,,,,,,,"10312",,,,,,,,"86000US10312","ZCTA 10312",,,"ZCTA 10312","10310312","19637313","359000",,,,"103",,,,61114,7.72062,7.582009,0.1386107,61114,53863,590,98,4189,45,599,1730
"ACSSF","us","860","00","0013337",,,,,,,,,,,,,,,,,,,,,,,,,,,,,,"10314",,,,,,,,"86000US10314","ZCTA 10314",,,"ZCTA 10314","10310314","35438320","1681942",,,,"103",,,,89938,14.33221,13.68281,0.6494015,89938,63791,3300,298,16415,28,2556,3550
"ACSSF","us","860","00","0013338",,,,,,,,,,,,,,,,,,,,,,,,,,,,,,"10451",,,,,,,,"86000US10451","ZCTA 10451",,,"ZCTA 10451","10410451","2665309","9963",,,,"104",,,,49423,1.032928,1.029082,0.003846736,49423,8062,20160,300,642,416,15528,4315
"ACSSF","us","860","00","0013339",,,,,,,,,,,,,,,,,,,,,,,,,,,,,,"10452",,,,,,,,"86000US10452","ZCTA 10452",,,"ZCTA 10452","10410452","2559779","0",,,,"104",,,,74379,0.9883363,0.9883363,0,74379,11088,23894,464,1069,218,32726,4920
"ACSSF","us","860","00","0013340",,,,,,,,,,,,,,,,,,,,,,,,,,,,,,"10453",,,,,,,,"86000US10453","ZCTA 10453",,,"ZCTA 10453","10410453","2379046","0",,,,"104",,,,78858,0.9185548,0.9185548,0,78858,8986,25681,546,1769,243,34984,6649
"ACSSF","us","860","00","0013341",,,,,,,,,,,,,,,,,,,,,,,,,,,,,,"10454",,,,,,,,"86000US10454","ZCTA 10454",,,"ZCTA 10454","10410454","2710872","0",,,,"104",,,,37807,1.046674,1.046674,0,37807,6264,13164,256,108,44,15565,2406
"ACSSF","us","860","00","0013342",,,,,,,,,,,,,,,,,,,,,,,,,,,,,,"10455",,,,,,,,"86000US10455","ZCTA 10455",,,"ZCTA 10455","10410455","1846911","0",,,,"104",,,,40300,0.7130964,0.7130964,0,40300,6247,12739,343,344,71,16614,3942
"ACSSF","us","860","00","0013343",,,,,,,,,,,,,,,,,,,,,,,,,,,,,,"10456",,,,,,,,"86000US10456","ZCTA 10456",,,"ZCTA 10456","10410456","2635673","0",,,,"104",,,,90479,1.017639,1.017639,0,90479,11109,42701,991,601,146,28549,6382
"ACSSF","us","860","00","0013344",,,,,,,,,,,,,,,,,,,,,,,,,,,,,,"10457",,,,,,,,"86000US10457","ZCTA 10457",,,"ZCTA 10457","10410457","2743129","0",,,,"104",,,,74679,1.059128,1.059128,0,74679,14332,34049,275,536,35,17857,7595
"ACSSF","us","860","00","0013345",,,,,,,,,,,,,,,,,,,,,,,,,,,,,,"10458",,,,,,,,"86000US10458","ZCTA 10458",,,"ZCTA 10458","10410458","2603703","0",,,,"104",,,,85893,1.005295,1.005295,0,85893,13082,16270,256,2235,41,50213,3796
"ACSSF","us","860","00","0013346",,,,,,,,,,,,,,,,,,,,,,,,,,,,,,"10459",,,,,,,,"86000US10459","ZCTA 10459",,,"ZCTA 10459","10410459","2124304","0",,,,"104",,,,48391,0.8201984,0.8201984,0,48391,5971,17050,266,132,41,21089,3842
"ACSSF","us","860","00","0013347",,,,,,,,,,,,,,,,,,,,,,,,,,,,,,"10460",,,,,,,,"86000US10460","ZCTA 10460",,,"ZCTA 10460","10410460","3413695","0",,,,"104",,,,57514,1.318035,1.318035,0,57514,10055,19774,302,1050,122,21471,4740
"ACSSF","us","860","00","0013348",,,,,,,,,,,,,,,,,,,,,,,,,,,,,,"10461",,,,,,,,"86000US10461","ZCTA 10461",,,"ZCTA 10461","10410461","6201824","0",,,,"104",,,,51081,2.394538,2.394538,0,51081,24399,4721,272,6593,63,11880,3153
"ACSSF","us","860","00","0013349",,,,,,,,,,,,,,,,,,,,,,,,,,,,,,"10462",,,,,,,,"86000US10462","ZCTA 10462",,,"ZCTA 10462","10410462","3818413","15353",,,,"104",,,,75441,1.480225,1.474298,0.005927827,75441,15651,20486,886,11793,18,21252,5355
"ACSSF","us","860","00","0013350",,,,,,,,,,,,,,,,,,,,,,,,,,,,,,"10463",,,,,,,,"86000US10463","ZCTA 10463",,,"ZCTA 10463","10410463","3755858","345779",,,,"104",,,,70236,1.583651,1.450145,0.133506,70236,32246,12085,505,2395,53,17622,5330
"ACSSF","us","860","00","0013351",,,,,,,,,,,,,,,,,,,,,,,,,,,,,,"10464",,,,,,,,"86000US10464","ZCTA 10464",,,"ZCTA 10464","10410464","8981677","237116",,,,"104",,,,4322,3.559396,3.467845,0.09155101,4322,3031,21,0,79,0,1002,189
"ACSSF","us","860","00","0013352",,,,,,,,,,,,,,,,,,,,,,,,,,,,,,"10465",,,,,,,,"86000US10465","ZCTA 10465",,,"ZCTA 10465","10410465","8799202","2711",,,,"104",,,,45066,3.398438,3.397391,0.001046723,45066,25152,5947,10,1932,8,8381,3636
"ACSSF","us","860","00","0013353",,,,,,,,,,,,,,,,,,,,,,,,,,,,,,"10466",,,,,,,,"86000US10466","ZCTA 10466",,,"ZCTA 10466","10410466","5215217","5140",,,,"104",,,,74519,2.015591,2.013607,0.001984565,74519,7801,52297,735,2042,16,8891,2737
"ACSSF","us","860","00","0013354",,,,,,,,,,,,,,,,,,,,,,,,,,,,,,"10467",,,,,,,,"86000US10467","ZCTA 10467",,,"ZCTA 10467","10410467","6049194","0",,,,"104",,,,100867,2.335607,2.335607,0,100867,24388,34448,551,5516,69,29257,6638
"ACSSF","us","860","00","0013355",,,,,,,,,,,,,,,,,,,,,,,,,,,,,,"10468",,,,,,,,"86000US10468","ZCTA 10468",,,"ZCTA 10468","10410468","2773215","45100",,,,"104",,,,78778,1.088158,1.070744,0.01741321,78778,12013,19295,903,1569,133,39878,4987
"ACSSF","us","860","00","0013356",,,,,,,,,,,,,,,,,,,,,,,,,,,,,,"10469",,,,,,,,"86000US10469","ZCTA 10469",,,"ZCTA 10469","10410469","6403528","0",,,,"104",,,,72550,2.472416,2.472416,0,72550,12217,41335,78,4689,5,10512,3714
"ACSSF","us","860","00","0013357",,,,,,,,,,,,,,,,,,,,,,,,,,,,,,"10470",,,,,,,,"86000US10470","ZCTA 10470",,,"ZCTA 10470","10410470","3702689","3169",,,,"104",,,,15500,1.43084,1.429616,0.001223558,15500,6508,5929,8,764,0,1503,788
"ACSSF","us","860","00","0013358",,,,,,,,,,,,,,,,,,,,,,,,,,,,,,"10471",,,,,,,,"86000US10471","ZCTA 10471",,,"ZCTA 10471","10410471","6659941","28258",,,,"104",,,,22577,2.582328,2.571418,0.01091048,22577,14922,2215,54,1267,0,2349,1770
"ACSSF","us","860","00","0013359",,,,,,,,,,,,,,,,,,,,,,,,,,,,,,"10472",,,,,,,,"86000US10472","ZCTA 10472",,,"ZCTA 10472","10410472","2729339","0",,,,"104",,,,67989,1.053804,1.053804,0,67989,7903,17483,918,5982,44,32835,2824
"ACSSF","us","860","00","0013360",,,,,,,,,,,,,,,,,,,,,,,,,,,,,,"10473",,,,,,,,"86000US10473","ZCTA 10473",,,"ZCTA 10473","10410473","5537168","5538",,,,"104",,,,59627,2.140051,2.137913,0.002138234,59627,17329,22578,398,1032,0,13977,4313
"ACSSF","us","860","00","0013361",,,,,,,,,,,,,,,,,,,,,,,,,,,,,,"10474",,,,,,,,"86000US10474","ZCTA 10474",,,"ZCTA 10474","10410474","3988439","0",,,,"104",,,,11579,1.539945,1.539945,0,11579,1603,4933,50,25,0,3720,1248
"ACSSF","us","860","00","0013362",,,,,,,,,,,,,,,,,,,,,,,,,,,,,,"10475",,,,,,,,"86000US10475","ZCTA 10475",,,"ZCTA 10475","10410475","4736639","287086",,,,"104",,,,43791,1.939671,1.828827,0.1108445,43791,6277,27837,396,1081,0,6387,1813
"ACSSF","us","860","00","0013516",,,,,,,,,,,,,,,,,,,,,,,,,,,,,,"11101",,,,,,,,"86000US11101","ZCTA 11101",,,"ZCTA 11101","11111101","6743213","236158",,,,"111",,,,32537,2.69475,2.603569,0.09118111,32537,13324,4469,180,8631,13,3251,2669
"ACSSF","us","860","00","0013517",,,,,,,,,,,,,,,,,,,,,,,,,,,,,,"11102",,,,,,,,"86000US11102","ZCTA 11102",,,"ZCTA 11102","11111102","2042499","2387",,,,"111",,,,28359,0.7895349,0.7886133,0.0009216259,28359,16458,2186,200,4668,38,3127,1682
"ACSSF","us","860","00","0013518",,,,,,,,,,,,,,,,,,,,,,,,,,,,,,"11103",,,,,,,,"86000US11103","ZCTA 11103",,,"ZCTA 11103","11111103","1842732","0",,,,"111",,,,35419,0.7114828,0.7114828,0,35419,23557,1044,91,5056,0,3085,2586
"ACSSF","us","860","00","0013519",,,,,,,,,,,,,,,,,,,,,,,,,,,,,,"11104",,,,,,,,"86000US11104","ZCTA 11104",,,"ZCTA 11104","11111104","1005092","0",,,,"111",,,,25037,0.3880682,0.3880682,0,25037,14891,420,115,6163,0,1714,1734
"ACSSF","us","860","00","0013520",,,,,,,,,,,,,,,,,,,,,,,,,,,,,,"11105",,,,,,,,"86000US11105","ZCTA 11105",,,"ZCTA 11105","11111105","4356926","0",,,,"111",,,,37452,1.682219,1.682219,0,37452,27351,1020,72,3853,0,2104,3052
"ACSSF","us","860","00","0013521",,,,,,,,,,,,,,,,,,,,,,,,,,,,,,"11106",,,,,,,,"86000US11106","ZCTA 11106",,,"ZCTA 11106","11111106","2214080","14591",,,,"111",,,,37094,0.8604947,0.8548611,0.005633617,37094,20347,2812,68,6629,9,4861,2368
"ACSSF","us","860","00","0013522",,,,,,,,,,,,,,,,,,,,,,,,,,,,,,"11109",,,,,,,,"86000US11109","ZCTA 11109",,,"ZCTA 11109","11111109","128895","24260",,,,"111",,,,6127,0.05913348,0.04976664,0.009366839,6127,3534,91,0,2174,0,50,278
"ACSSF","us","860","00","0013523",,,,,,,,,,,,,,,,,,,,,,,,,,,,,,"11201",,,,,,,,"86000US11201","ZCTA 11201",,,"ZCTA 11201","11211201","3644697","39281",,,,"112",,,,64798,1.422392,1.407225,0.01516648,64798,41093,7977,208,8634,41,2072,4773
"ACSSF","us","860","00","0013524",,,,,,,,,,,,,,,,,,,,,,,,,,,,,,"11203",,,,,,,,"86000US11203","ZCTA 11203",,,"ZCTA 11203","11211203","5555574","0",,,,"112",,,,77589,2.145019,2.145019,0,77589,3385,67107,126,1525,0,2193,3253
"ACSSF","us","860","00","0013525",,,,,,,,,,,,,,,,,,,,,,,,,,,,,,"11204",,,,,,,,"86000US11204","ZCTA 11204",,,"ZCTA 11204","11211204","4113164","0",,,,"112",,,,75840,1.588102,1.588102,0,75840,42054,808,465,25148,11,5271,2083
"ACSSF","us","860","00","0013526",,,,,,,,,,,,,,,,,,,,,,,,,,,,,,"11205",,,,,,,,"86000US11205","ZCTA 11205",,,"ZCTA 11205","11211205","2447352","0",,,,"112",,,,47866,0.9449279,0.9449279,0,47866,25199,13669,240,2948,5,3290,2515
"ACSSF","us","860","00","0013527",,,,,,,,,,,,,,,,,,,,,,,,,,,,,,"11206",,,,,,,,"86000US11206","ZCTA 11206",,,"ZCTA 11206","11211206","3715235","0",,,,"112",,,,87599,1.43446,1.43446,0,87599,40492,19698,835,5629,187,15386,5372
"ACSSF","us","860","00","0013528",,,,,,,,,,,,,,,,,,,,,,,,,,,,,,"11207",,,,,,,,"86000US11207","ZCTA 11207",,,"ZCTA 11207","11211207","6920359","0",,,,"112",,,,90867,2.671966,2.671966,0,90867,12502,57897,276,1399,121,14032,4640
"ACSSF","us","860","00","0013529",,,,,,,,,,,,,,,,,,,,,,,,,,,,,,"11208",,,,,,,,"86000US11208","ZCTA 11208",,,"ZCTA 11208","11211208","9271398","0",,,,"112",,,,102626,3.579707,3.579707,0,102626,23864,54146,212,6870,65,13743,3726
"ACSSF","us","860","00","0013530",,,,,,,,,,,,,,,,,,,,,,,,,,,,,,"11209",,,,,,,,"86000US11209","ZCTA 11209",,,"ZCTA 11209","11211209","5496326","0",,,,"112",,,,68368,2.122144,2.122144,0,68368,48436,2845,96,8941,58,4019,3973
"ACSSF","us","860","00","0013531",,,,,,,,,,,,,,,,,,,,,,,,,,,,,,"11210",,,,,,,,"86000US11210","ZCTA 11210",,,"ZCTA 11210","11211210","4251913","0",,,,"112",,,,62423,1.641673,1.641673,0,62423,19856,35240,24,2369,0,2886,2048
"ACSSF","us","860","00","0013532",,,,,,,,,,,,,,,,,,,,,,,,,,,,,,"11211",,,,,,,,"86000US11211","ZCTA 11211",,,"ZCTA 11211","11211211","5988804","163645",,,,"112",,,,104561,2.375474,2.31229,0.06318369,104561,74440,6567,350,6641,32,10783,5748
"ACSSF","us","860","00","0013533",,,,,,,,,,,,,,,,,,,,,,,,,,,,,,"11212",,,,,,,,"86000US11212","ZCTA 11212",,,"ZCTA 11212","11211212","3985433","0",,,,"112",,,,74037,1.538784,1.538784,0,74037,6398,57275,54,677,53,4927,4653
"ACSSF","us","860","00","0013534",,,,,,,,,,,,,,,,,,,,,,,,,,,,,,"11213",,,,,,,,"86000US11213","ZCTA 11213",,,"ZCTA 11213","11211213","2824118","0",,,,"112",,,,67382,1.090398,1.090398,0,67382,16970,43233,85,1395,16,3535,2148
"ACSSF","us","860","00","0013535",,,,,,,,,,,,,,,,,,,,,,,,,,,,,,"11214",,,,,,,,"86000US11214","ZCTA 11214",,,"ZCTA 11214","11211214","5617478","8509",,,,"112",,,,90372,2.172206,2.168921,0.003285343,90372,42330,1820,212,33391,4,9050,3565
"ACSSF","us","860","00","0013536",,,,,,,,,,,,,,,,,,,,,,,,,,,,,,"11215",,,,,,,,"86000US11215","ZCTA 11215",,,"ZCTA 11215","11211215","5633111","58928",,,,"112",,,,69995,2.197709,2.174956,0.02275223,69995,51922,2848,159,6389,0,3495,5182
"ACSSF","us","860","00","0013537",,,,,,,,,,,,,,,,,,,,,,,,,,,,,,"11216",,,,,,,,"86000US11216","ZCTA 11216",,,"ZCTA 11216","11211216","2421197","0",,,,"112",,,,59567,0.9348294,0.9348294,0,59567,19128,30377,132,2894,26,2469,4541
"ACSSF","us","860","00","0013538",,,,,,,,,,,,,,,,,,,,,,,,,,,,,,"11217",,,,,,,,"86000US11217","ZCTA 11217",,,"ZCTA 11217","11211217","1942472","8496",,,,"112",,,,42461,0.753273,0.7499927,0.003280324,42461,24204,8288,39,3907,25,2217,3781
"ACSSF","us","860","00","0013539",,,,,,,,,,,,,,,,,,,,,,,,,,,,,,"11218",,,,,,,,"86000US11218","ZCTA 11218",,,"ZCTA 11218","11211218","3699716","0",,,,"112",,,,73280,1.428468,1.428468,0,73280,43368,6706,308,14466,0,4303,4129
"ACSSF","us","860","00","0013540",,,,,,,,,,,,,,,,,,,,,,,,,,,,,,"11219",,,,,,,,"86000US11219","ZCTA 11219",,,"ZCTA 11219","11211219","3838512","0",,,,"112",,,,87812,1.482058,1.482058,0,87812,57699,1295,311,21317,45,5965,1180
"ACSSF","us","860","00","0013541",,,,,,,,,,,,,,,,,,,,,,,,,,,,,,"11220",,,,,,,,"86000US11220","ZCTA 11220",,,"ZCTA 11220","11211220","4519581","0",,,,"112",,,,90657,1.74502,1.74502,0,90657,27716,2877,444,37421,0,18410,3789
"ACSSF","us","860","00","0013542",,,,,,,,,,,,,,,,,,,,,,,,,,,,,,"11221",,,,,,,,"86000US11221","ZCTA 11221",,,"ZCTA 11221","11211221","3582821","0",,,,"112",,,,85582,1.383335,1.383335,0,85582,21810,37775,405,3524,44,16141,5883
"ACSSF","us","860","00","0013543",,,,,,,,,,,,,,,,,,,,,,,,,,,,,,"11222",,,,,,,,"86000US11222","ZCTA 11222",,,"ZCTA 11222","11211222","3974683","194195",,,,"112",,,,36710,1.609613,1.534634,0.07497911,36710,29347,1258,68,1944,0,1642,2451
"ACSSF","us","860","00","0013544",,,,,,,,,,,,,,,,,,,,,,,,,,,,,,"11223",,,,,,,,"86000US11223","ZCTA 11223",,,"ZCTA 11223","11211223","5370787","0",,,,"112",,,,80500,2.073673,2.073673,0,80500,44647,4289,90,20130,180,8030,3134
"ACSSF","us","860","00","0013545",,,,,,,,,,,,,,,,,,,,,,,,,,,,,,"11224",,,,,,,,"86000US11224","ZCTA 11224",,,"ZCTA 11224","11211224","4107697","78749",,,,"112",,,,45587,1.616396,1.585991,0.03040516,45587,25039,9402,26,3368,7,5461,2284
"ACSSF","us","860","00","0013546",,,,,,,,,,,,,,,,,,,,,,,,,,,,,,"11225",,,,,,,,"86000US11225","ZCTA 11225",,,"ZCTA 11225","11211225","2289264","0",,,,"112",,,,56072,0.8838898,0.8838898,0,56072,16737,33538,174,1470,0,2499,1654
"ACSSF","us","860","00","0013547",,,,,,,,,,,,,,,,,,,,,,,,,,,,,,"11226",,,,,,,,"86000US11226","ZCTA 11226",,,"ZCTA 11226","11211226","3339501","0",,,,"112",,,,96332,1.289389,1.289389,0,96332,15139,64136,714,2826,0,9849,3668
"ACSSF","us","860","00","0013548",,,,,,,,,,,,,,,,,,,,,,,,,,,,,,"11228",,,,,,,,"86000US11228","ZCTA 11228",,,"ZCTA 11228","11211228","3813741","0",,,,"112",,,,43878,1.472494,1.472494,0,43878,23533,603,34,16253,24,2163,1268
"ACSSF","us","860","00","0013549",,,,,,,,,,,,,,,,,,,,,,,,,,,,,,"11229",,,,,,,,"86000US11229","ZCTA 11229",,,"ZCTA 11229","11211229","5592622","143662",,,,"112",,,,81909,2.214792,2.159323,0.05546821,81909,52106,5260,271,18746,89,2988,2449
"ACSSF","us","860","00","0013550",,,,,,,,,,,,,,,,,,,,,,,,,,,,,,"11230",,,,,,,,"86000US11230","ZCTA 11230",,,"ZCTA 11230","11211230","4767212","0",,,,"112",,,,87188,1.840631,1.840631,0,87188,60164,6282,223,12434,39,4655,3391
"ACSSF","us","860","00","0013551",,,,,,,,,,,,,,,,,,,,,,,,,,,,,,"11231",,,,,,,,"86000US11231","ZCTA 11231",,,"ZCTA 11231","11211231","3681935","66967",,,,"112",,,,37796,1.447459,1.421603,0.0258561,37796,25236,5572,137,2196,263,1974,2418
"ACSSF","us","860","00","0013552",,,,,,,,,,,,,,,,,,,,,,,,,,,,,,"11232",,,,,,,,"86000US11232","ZCTA 11232",,,"ZCTA 11232","11211232","3084818","234",,,,"112",,,,26501,1.191145,1.191055,9.034791E-05,26501,11592,2001,354,4213,16,6722,1603
"ACSSF","us","860","00","0013553",,,,,,,,,,,,,,,,,,,,,,,,,,,,,,"11233",,,,,,,,"86000US11233","ZCTA 11233",,,"ZCTA 11233","11211233","3493425","0",,,,"112",,,,79796,1.348819,1.348819,0,79796,10444,58859,106,1822,21,6070,2474
"ACSSF","us","860","00","0013554",,,,,,,,,,,,,,,,,,,,,,,,,,,,,,"11234",,,,,,,,"86000US11234","ZCTA 11234",,,"ZCTA 11234","11211234","19191753","2139242",,,,"112",,,,90372,8.235943,7.409977,0.825966,90372,35078,40921,305,6725,0,4356,2987
"ACSSF","us","860","00","0013555",,,,,,,,,,,,,,,,,,,,,,,,,,,,,,"11235",,,,,,,,"86000US11235","ZCTA 11235",,,"ZCTA 11235","11211235","5812665","495753",,,,"112",,,,76921,2.435694,2.244282,0.1914113,76921,56486,1687,54,10094,0,4286,4314
"ACSSF","us","860","00","0013556",,,,,,,,,,,,,,,,,,,,,,,,,,,,,,"11236",,,,,,,,"86000US11236","ZCTA 11236",,,"ZCTA 11236","11211236","9321422","89767",,,,"112",,,,98821,3.633681,3.599021,0.03465923,98821,5346,84752,86,2631,8,3908,2090
"ACSSF","us","860","00","0013557",,,,,,,,,,,,,,,,,,,,,,,,,,,,,,"11237",,,,,,,,"86000US11237","ZCTA 11237",,,"ZCTA 11237","11211237","2547932","46803",,,,"112",,,,46772,1.001833,0.9837621,0.01807074,46772,16614,5807,596,2656,45,17595,3459
"ACSSF","us","860","00","0013558",,,,,,,,,,,,,,,,,,,,,,,,,,,,,,"11238",,,,,,,,"86000US11238","ZCTA 11238",,,"ZCTA 11238","11211238","2865952","0",,,,"112",,,,55102,1.10655,1.10655,0,55102,29580,16299,102,3287,9,1643,4182
"ACSSF","us","860","00","0013559",,,,,,,,,,,,,,,,,,,,,,,,,,,,,,"11239",,,,,,,,"86000US11239","ZCTA 11239",,,"ZCTA 11239","11211239","1599387","27109",,,,"112",,,,12832,0.6279936,0.6175268,0.01046684,12832,3251,7632,367,461,0,597,524
"ACSSF","us","860","00","0013653",,,,,,,,,,,,,,,,,,,,,,,,,,,,,,"11691",,,,,,,,"86000US11691","ZCTA 11691",,,"ZCTA 11691","11611691","7124540","114569",,,,"116",,,,68454,2.795036,2.7508,0.04423534,68454,23448,31620,184,3373,20,6257,3552
"ACSSF","us","860","00","0013654",,,,,,,,,,,,,,,,,,,,,,,,,,,,,,"11692",,,,,,,,"86000US11692","ZCTA 11692",,,"ZCTA 11692","11611692","2596630","226794",,,,"116",,,,22394,1.09013,1.002565,0.08756565,22394,4666,12579,142,1245,0,2128,1634
"ACSSF","us","860","00","0013655",,,,,,,,,,,,,,,,,,,,,,,,,,,,,,"11693",,,,,,,,"86000US11693","ZCTA 11693",,,"ZCTA 11693","11611693","2550786","3120",,,,"116",,,,13029,0.9860687,0.984864,0.001204639,13029,7734,2813,0,539,0,832,1111
"ACSSF","us","860","00","0013656",,,,,,,,,,,,,,,,,,,,,,,,,,,,,,"11694",,,,,,,,"86000US11694","ZCTA 11694",,,"ZCTA 11694","11611694","3460877","1189",,,,"116",,,,21258,1.336711,1.336252,0.0004590755,21258,17045,1234,248,446,0,1426,859
"ACSSF","us","860","00","0013657",,,,,,,,,,,,,,,,,,,,,,,,,,,,,,"11697",,,,,,,,"86000US11697","ZCTA 11697",,,"ZCTA 11697","11611697","6722312","16405",,,,"116",,,,3527,2.601833,2.595499,0.006334006,3527,3360,21,0,24,0,122,0
"ACSSF","us","860","00","0013256",,,,,,,,,,,,,,,,,,,,,,,,,,,,,,"10001",,,,,,,,"86000US10001","ZCTA 10001",,,"ZCTA 10001","10010001","1591493","0",,,,"100",,,,25026,0.6144789,0.6144789,0,25026,15880,1619,11,5201,63,833,1419
"ACSSF","us","860","00","0013257",,,,,,,,,,,,,,,,,,,,,,,,,,,,,,"10002",,,,,,,,"86000US10002","ZCTA 10002",,,"ZCTA 10002","10010002","2275167","0",,,,"100",,,,74363,0.8784469,0.8784469,0,74363,23574,6645,713,31140,0,7944,4347
"ACSSF","us","860","00","0013258",,,,,,,,,,,,,,,,,,,,,,,,,,,,,,"10003",,,,,,,,"86000US10003","ZCTA 10003",,,"ZCTA 10003","10010003","1492995","0",,,,"100",,,,54671,0.5764486,0.5764486,0,54671,39951,2759,112,8244,69,1329,2207
"ACSSF","us","860","00","0013259",,,,,,,,,,,,,,,,,,,,,,,,,,,,,,"10004",,,,,,,,"86000US10004","ZCTA 10004",,,"ZCTA 10004","10010004","1389744","13825",,,,"100",,,,3310,0.541921,0.5365832,0.005337863,3310,2259,160,0,674,12,13,192
"ACSSF","us","860","00","0013260",,,,,,,,,,,,,,,,,,,,,,,,,,,,,,"10005",,,,,,,,"86000US10005","ZCTA 10005",,,"ZCTA 10005","10010005","188254","0",,,,"100",,,,8664,0.07268528,0.07268528,0,8664,6326,174,0,1514,0,214,436
"ACSSF","us","860","00","0013261",,,,,,,,,,,,,,,,,,,,,,,,,,,,,,"10006",,,,,,,,"86000US10006","ZCTA 10006",,,"ZCTA 10006","10010006","241687","0",,,,"100",,,,3260,0.09331588,0.09331588,0,3260,2291,156,0,561,0,65,187
"ACSSF","us","860","00","0013262",,,,,,,,,,,,,,,,,,,,,,,,,,,,,,"10007",,,,,,,,"86000US10007","ZCTA 10007",,,"ZCTA 10007","10010007","413123","0",,,,"100",,,,7566,0.1595077,0.1595077,0,7566,5784,623,0,882,0,178,99
"ACSSF","us","860","00","0013263",,,,,,,,,,,,,,,,,,,,,,,,,,,,,,"10009",,,,,,,,"86000US10009","ZCTA 10009",,,"ZCTA 10009","10010009","1597620","0",,,,"100",,,,58267,0.6168445,0.6168445,0,58267,34556,4581,80,8749,6,6122,4173
"ACSSF","us","860","00","0013264",,,,,,,,,,,,,,,,,,,,,,,,,,,,,,"10010",,,,,,,,"86000US10010","ZCTA 10010",,,"ZCTA 10010","10010010","988479","0",,,,"100",,,,34763,0.3816539,0.3816539,0,34763,23667,3810,0,5231,0,779,1276
"ACSSF","us","860","00","0013265",,,,,,,,,,,,,,,,,,,,,,,,,,,,,,"10011",,,,,,,,"86000US10011","ZCTA 10011",,,"ZCTA 10011","10010011","1710333","0",,,,"100",,,,50228,0.6603633,0.6603633,0,50228,39014,2303,26,4477,7,1704,2697
"ACSSF","us","860","00","0013266",,,,,,,,,,,,,,,,,,,,,,,,,,,,,,"10012",,,,,,,,"86000US10012","ZCTA 10012",,,"ZCTA 10012","10010012","837301","0",,,,"100",,,,23034,0.3232837,0.3232837,0,23034,17165,613,0,3981,0,308,967
"ACSSF","us","860","00","0013267",,,,,,,,,,,,,,,,,,,,,,,,,,,,,,"10013",,,,,,,,"86000US10013","ZCTA 10013",,,"ZCTA 10013","10010013","1425087","0",,,,"100",,,,28657,0.5502292,0.5502292,0,28657,17734,940,30,8115,0,568,1270
"ACSSF","us","860","00","0013268",,,,,,,,,,,,,,,,,,,,,,,,,,,,,,"10014",,,,,,,,"86000US10014","ZCTA 10014",,,"ZCTA 10014","10010014","1412003","40192",,,,"100",,,,29071,0.5606956,0.5451774,0.01551822,29071,25470,484,13,1231,0,184,1689
"ACSSF","us","860","00","0013269",,,,,,,,,,,,,,,,,,,,,,,,,,,,,,"10016",,,,,,,,"86000US10016","ZCTA 10016",,,"ZCTA 10016","10010016","1378175","0",,,,"100",,,,52912,0.5321164,0.5321164,0,52912,36986,1764,83,9767,31,600,3681
"ACSSF","us","860","00","0013270",,,,,,,,,,,,,,,,,,,,,,,,,,,,,,"10017",,,,,,,,"86000US10017","ZCTA 10017",,,"ZCTA 10017","10010017","820946","0",,,,"100",,,,16065,0.316969,0.316969,0,16065,11723,437,4,3240,0,156,505
"ACSSF","us","860","00","0013271",,,,,,,,,,,,,,,,,,,,,,,,,,,,,,"10018",,,,,,,,"86000US10018","ZCTA 10018",,,"ZCTA 10018","10010018","846143","0",,,,"100",,,,8135,0.3266976,0.3266976,0,8135,4693,310,15,2492,0,291,334
"ACSSF","us","860","00","0013272",,,,,,,,,,,,,,,,,,,,,,,,,,,,,,"10019",,,,,,,,"86000US10019","ZCTA 10019",,,"ZCTA 10019","10010019","1804728","0",,,,"100",,,,45521,0.6968094,0.6968094,0,45521,30126,2453,263,8496,35,2367,1781
"ACSSF","us","860","00","0013273",,,,,,,,,,,,,,,,,,,,,,,,,,,,,,"10020",,,,,,,,"86000US10020","ZCTA 10020",,,"ZCTA 10020","10010020","71567","0",,,,"100",,,,0,0.02763218,0.02763218,0,0,0,0,0,0,0,0,0
"ACSSF","us","860","00","0013274",,,,,,,,,,,,,,,,,,,,,,,,,,,,,,"10021",,,,,,,,"86000US10021","ZCTA 10021",,,"ZCTA 10021","10010021","986787","0",,,,"100",,,,42253,0.3810006,0.3810006,0,42253,35183,119,373,4718,121,970,769
"ACSSF","us","860","00","0013275",,,,,,,,,,,,,,,,,,,,,,,,,,,,,,"10022",,,,,,,,"86000US10022","ZCTA 10022",,,"ZCTA 10022","10010022","1107177","0",,,,"100",,,,31574,0.4274834,0.4274834,0,31574,26359,435,47,3417,0,476,840
"ACSSF","us","860","00","0013276",,,,,,,,,,,,,,,,,,,,,,,,,,,,,,"10023",,,,,,,,"86000US10023","ZCTA 10023",,,"ZCTA 10023","10010023","1269193","0",,,,"100",,,,62228,0.4900382,0.4900382,0,62228,48343,2776,39,6973,0,2013,2084
"ACSSF","us","860","00","0013277",,,,,,,,,,,,,,,,,,,,,,,,,,,,,,"10024",,,,,,,,"86000US10024","ZCTA 10024",,,"ZCTA 10024","10010024","2222646","0",,,,"100",,,,60714,0.8581685,0.8581685,0,60714,50515,1773,164,4107,0,2523,1632
"ACSSF","us","860","00","0013278",,,,,,,,,,,,,,,,,,,,,,,,,,,,,,"10025",,,,,,,,"86000US10025","ZCTA 10025",,,"ZCTA 10025","10010025","1946729","0",,,,"100",,,,92162,0.7516363,0.7516363,0,92162,59085,9754,57,9188,9,7119,6950
"ACSSF","us","860","00","0013279",,,,,,,,,,,,,,,,,,,,,,,,,,,,,,"10026",,,,,,,,"86000US10026","ZCTA 10026",,,"ZCTA 10026","10010026","860734","0",,,,"100",,,,38937,0.3323313,0.3323313,0,38937,9971,20310,99,2411,0,3623,2523
"ACSSF","us","860","00","0013280",,,,,,,,,,,,,,,,,,,,,,,,,,,,,,"10027",,,,,,,,"86000US10027","ZCTA 10027",,,"ZCTA 10027","10010027","2250666","1032",,,,"100",,,,64728,0.8693855,0.868987,0.0003984575,64728,19471,25429,393,5512,6,10258,3659
"ACSSF","us","860","00","0013281",,,,,,,,,,,,,,,,,,,,,,,,,,,,,,"10028",,,,,,,,"86000US10028","ZCTA 10028",,,"ZCTA 10028","10010028","811373","0",,,,"100",,,,47962,0.3132729,0.3132729,0,47962,40441,847,0,4990,0,521,1163
"ACSSF","us","860","00","0013282",,,,,,,,,,,,,,,,,,,,,,,,,,,,,,"10029",,,,,,,,"86000US10029","ZCTA 10029",,,"ZCTA 10029","10010029","2102356","0",,,,"100",,,,74617,0.8117242,0.8117242,0,74617,23188,23400,549,8142,125,16062,3151
"ACSSF","us","860","00","0013283",,,,,,,,,,,,,,,,,,,,,,,,,,,,,,"10030",,,,,,,,"86000US10030","ZCTA 10030",,,"ZCTA 10030","10010030","722535","0",,,,"100",,,,30996,0.2789723,0.2789723,0,30996,5412,18542,44,1147,3,3610,2238
"ACSSF","us","860","00","0013284",,,,,,,,,,,,,,,,,,,,,,,,,,,,,,"10031",,,,,,,,"86000US10031","ZCTA 10031",,,"ZCTA 10031","10010031","1681543","0",,,,"100",,,,60280,0.6492474,0.6492474,0,60280,17993,17271,349,2361,36,12606,9664
"ACSSF","us","860","00","0013285",,,,,,,,,,,,,,,,,,,,,,,,,,,,,,"10032",,,,,,,,"86000US10032","ZCTA 10032",,,"ZCTA 10032","10010032","1695758","0",,,,"100",,,,59527,0.6547359,0.6547359,0,59527,16262,10803,374,2542,89,22563,6894
"ACSSF","us","860","00","0013286",,,,,,,,,,,,,,,,,,,,,,,,,,,,,,"10033",,,,,,,,"86000US10033","ZCTA 10033",,,"ZCTA 10033","10010033","1544118","0",,,,"100",,,,58648,0.5961873,0.5961873,0,58648,23458,5118,1346,1470,0,19156,8100
"ACSSF","us","860","00","0013287",,,,,,,,,,,,,,,,,,,,,,,,,,,,,,"10034",,,,,,,,"86000US10034","ZCTA 10034",,,"ZCTA 10034","10010034","2823936","11193",,,,"100",,,,41933,1.094649,1.090328,0.004321642,41933,14749,5837,86,1257,81,15761,4162
"ACSSF","us","860","00","0013288",,,,,,,,,,,,,,,,,,,,,,,,,,,,,,"10035",,,,,,,,"86000US10035","ZCTA 10035",,,"ZCTA 10035","10010035","3689142","0",,,,"100",,,,36999,1.424386,1.424386,0,36999,7743,14458,164,1361,5,11239,2029
"ACSSF","us","860","00","0013289",,,,,,,,,,,,,,,,,,,,,,,,,,,,,,"10036",,,,,,,,"86000US10036","ZCTA 10036",,,"ZCTA 10036","10010036","1137622","0",,,,"100",,,,28231,0.4392383,0.4392383,0,28231,17606,1928,49,5529,13,1358,1748
"ACSSF","us","860","00","0013290",,,,,,,,,,,,,,,,,,,,,,,,,,,,,,"10037",,,,,,,,"86000US10037","ZCTA 10037",,,"ZCTA 10037","10010037","666601","0",,,,"100",,,,19177,0.2573761,0.2573761,0,19177,2339,12961,81,763,8,2052,973
"ACSSF","us","860","00","0013291",,,,,,,,,,,,,,,,,,,,,,,,,,,,,,"10038",,,,,,,,"86000US10038","ZCTA 10038",,,"ZCTA 10038","10010038","773408","427",,,,"100",,,,24205,0.2987794,0.2986145,0.0001648656,24205,12347,2516,67,6975,0,972,1328
"ACSSF","us","860","00","0013292",,,,,,,,,,,,,,,,,,,,,,,,,,,,,,"10039",,,,,,,,"86000US10039","ZCTA 10039",,,"ZCTA 10039","10010039","1132692","0",,,,"100",,,,27090,0.4373348,0.4373348,0,27090,3954,16253,76,529,0,3899,2379
"ACSSF","us","860","00","0013293",,,,,,,,,,,,,,,,,,,,,,,,,,,,,,"10040",,,,,,,,"86000US10040","ZCTA 10040",,,"ZCTA 10040","10010040","988482","0",,,,"100",,,,45197,0.381655,0.381655,0,45197,14944,4055,405,1293,0,20207,4293
"ACSSF","us","860","00","0013294",,,,,,,,,,,,,,,,,,,,,,,,,,,,,,"10044",,,,,,,,"86000US10044","ZCTA 10044",,,"ZCTA 10044","10010044","595879","0",,,,"100",,,,12770,0.2300702,0.2300702,0,12770,5949,1582,0,4136,0,629,474
"ACSSF","us","860","00","0013304",,,,,,,,,,,,,,,,,,,,,,,,,,,,,,"10128",,,,,,,,"86000US10128","ZCTA 10128",,,"ZCTA 10128","10110128","1206197","0",,,,"101",,,,57993,0.4657153,0.4657153,0,57993,44069,2644,24,5364,0,2896,2996
"ACSSF","us","860","00","0013323",,,,,,,,,,,,,,,,,,,,,,,,,,,,,,"10280",,,,,,,,"86000US10280","ZCTA 10280",,,"ZCTA 10280","10210280","297253","38409",,,,"102",,,,9372,0.1295998,0.11477,0.0148298,9372,7129,55,130,1710,0,10,338
"ACSSF","us","860","00","0013504",,,,,,,,,,,,,,,,,,,,,,,,,,,,,,"11004",,,,,,,,"86000US11004","ZCTA 11004",,,"ZCTA 11004","11011004","2459132","0",,,,"110",,,,15297,0.9494762,0.9494762,0,15297,4999,752,62,7282,45,1318,839
"ACSSF","us","860","00","0013505",,,,,,,,,,,,,,,,,,,,,,,,,,,,,,"11005",,,,,,,,"86000US11005","ZCTA 11005",,,"ZCTA 11005","11011005","475148","0",,,,"110",,,,2249,0.1834557,0.1834557,0,2249,2137,0,0,112,0,0,0
"ACSSF","us","860","00","0013560",,,,,,,,,,,,,,,,,,,,,,,,,,,,,,"11351",,,,,,,,"86000US11351","ZCTA 11351",,,"ZCTA 11351","11311351","12343","0",,,,"113",,,,0,0.004765659,0.004765659,0,0,0,0,0,0,0,0,0
"ACSSF","us","860","00","0013561",,,,,,,,,,,,,,,,,,,,,,,,,,,,,,"11354",,,,,,,,"86000US11354","ZCTA 11354",,,"ZCTA 11354","11311354","5641415","59468",,,,"113",,,,52351,2.201123,2.178163,0.02296072,52351,9821,1636,107,34024,56,4429,2278
"ACSSF","us","860","00","0013562",,,,,,,,,,,,,,,,,,,,,,,,,,,,,,"11355",,,,,,,,"86000US11355","ZCTA 11355",,,"ZCTA 11355","11311355","4494293","0",,,,"113",,,,81358,1.735256,1.735256,0,81358,10056,2214,408,58758,45,7612,2265
"ACSSF","us","860","00","0013563",,,,,,,,,,,,,,,,,,,,,,,,,,,,,,"11356",,,,,,,,"86000US11356","ZCTA 11356",,,"ZCTA 11356","11311356","4084054","0",,,,"113",,,,24178,1.576862,1.576862,0,24178,7276,459,58,7135,54,8162,1034
"ACSSF","us","860","00","0013564",,,,,,,,,,,,,,,,,,,,,,,,,,,,,,"11357",,,,,,,,"86000US11357","ZCTA 11357",,,"ZCTA 11357","11311357","7279808","2281",,,,"113",,,,40118,2.81163,2.81075,0.0008806991,40118,26062,273,0,9933,7,2534,1309
"ACSSF","us","860","00","0013565",,,,,,,,,,,,,,,,,,,,,,,,,,,,,,"11358",,,,,,,,"86000US11358","ZCTA 11358",,,"ZCTA 11358","11311358","5047088","0",,,,"113",,,,36665,1.948692,1.948692,0,36665,14150,469,158,17295,0,3012,1581
"ACSSF","us","860","00","0013566",,,,,,,,,,,,,,,,,,,,,,,,,,,,,,"11359",,,,,,,,"86000US11359","ZCTA 11359",,,"ZCTA 11359","11311359","648383","0",,,,"113",,,,0,0.2503421,0.2503421,0,0,0,0,0,0,0,0,0
"ACSSF","us","860","00","0013567",,,,,,,,,,,,,,,,,,,,,,,,,,,,,,"11360",,,,,,,,"86000US11360","ZCTA 11360",,,"ZCTA 11360","11311360","3609048","0",,,,"113",,,,18892,1.393461,1.393461,0,18892,11434,235,113,6125,0,622,363
"ACSSF","us","860","00","0013568",,,,,,,,,,,,,,,,,,,,,,,,,,,,,,"11361",,,,,,,,"86000US11361","ZCTA 11361",,,"ZCTA 11361","11311361","4572644","49214",,,,"113",,,,28531,1.784509,1.765508,0.01900163,28531,13018,1358,90,12000,0,887,1178
"ACSSF","us","860","00","0013569",,,,,,,,,,,,,,,,,,,,,,,,,,,,,,"11362",,,,,,,,"86000US11362","ZCTA 11362",,,"ZCTA 11362","11311362","6551183","39269",,,,"113",,,,18694,2.544588,2.529426,0.01516185,18694,8426,491,0,8594,0,532,651
"ACSSF","us","860","00","0013570",,,,,,,,,,,,,,,,,,,,,,,,,,,,,,"11363",,,,,,,,"86000US11363","ZCTA 11363",,,"ZCTA 11363","11311363","2225823","34217",,,,"113",,,,6834,0.8726063,0.8593951,0.01321126,6834,3739,132,0,2328,0,194,441
"ACSSF","us","860","00","0013571",,,,,,,,,,,,,,,,,,,,,,,,,,,,,,"11364",,,,,,,,"86000US11364","ZCTA 11364",,,"ZCTA 11364","11311364","6391223","0",,,,"113",,,,35866,2.467665,2.467665,0,35866,13675,1379,254,17375,0,1716,1467
"ACSSF","us","860","00","0013572",,,,,,,,,,,,,,,,,,,,,,,,,,,,,,"11365",,,,,,,,"86000US11365","ZCTA 11365",,,"ZCTA 11365","11311365","6471760","46201",,,,"113",,,,43730,2.516599,2.498761,0.01783831,43730,13423,3914,25,20085,12,2774,3497
"ACSSF","us","860","00","0013573",,,,,,,,,,,,,,,,,,,,,,,,,,,,,,"11366",,,,,,,,"86000US11366","ZCTA 11366",,,"ZCTA 11366","11311366","2830877","0",,,,"113",,,,14109,1.093008,1.093008,0,14109,5288,823,0,6688,0,956,354
"ACSSF","us","860","00","0013574",,,,,,,,,,,,,,,,,,,,,,,,,,,,,,"11367",,,,,,,,"86000US11367","ZCTA 11367",,,"ZCTA 11367","11311367","6100390","556542",,,,"113",,,,40141,2.570256,2.355374,0.2148821,40141,21256,2877,177,11286,0,2513,2032
"ACSSF","us","860","00","0013575",,,,,,,,,,,,,,,,,,,,,,,,,,,,,,"11368",,,,,,,,"86000US11368","ZCTA 11368",,,"ZCTA 11368","11311368","6810481","99467",,,,"113",,,,108661,2.667946,2.629542,0.03840442,108661,34083,10529,998,14467,11,42444,6129
"ACSSF","us","860","00","0013576",,,,,,,,,,,,,,,,,,,,,,,,,,,,,,"11369",,,,,,,,"86000US11369","ZCTA 11369",,,"ZCTA 11369","11311369","2823939","0",,,,"113",,,,30693,1.090329,1.090329,0,30693,7943,5126,128,4493,6,11252,1745
"ACSSF","us","860","00","0013577",,,,,,,,,,,,,,,,,,,,,,,,,,,,,,"11370",,,,,,,,"86000US11370","ZCTA 11370",,,"ZCTA 11370","11311370","3859882","0",,,,"113",,,,29366,1.490309,1.490309,0,29366,12548,4374,391,6863,0,4052,1138
"ACSSF","us","860","00","0013578",,,,,,,,,,,,,,,,,,,,,,,,,,,,,,"11371",,,,,,,,"86000US11371","ZCTA 11371",,,"ZCTA 11371","11311371","2837110","0",,,,"113",,,,0,1.095414,1.095414,0,0,0,0,0,0,0,0,0
"ACSSF","us","860","00","0013579",,,,,,,,,,,,,,,,,,,,,,,,,,,,,,"11372",,,,,,,,"86000US11372","ZCTA 11372",,,"ZCTA 11372","11311372","1918699","0",,,,"113",,,,63107,0.7408139,0.7408139,0,63107,31320,1678,232,13514,183,10767,5413
"ACSSF","us","860","00","0013580",,,,,,,,,,,,,,,,,,,,,,,,,,,,,,"11373",,,,,,,,"86000US11373","ZCTA 11373",,,"ZCTA 11373","11311373","3942315","0",,,,"113",,,,96495,1.522136,1.522136,0,96495,15131,1702,655,47947,27,27350,3683
"ACSSF","us","860","00","0013581",,,,,,,,,,,,,,,,,,,,,,,,,,,,,,"11374",,,,,,,,"86000US11374","ZCTA 11374",,,"ZCTA 11374","11311374","2442510","0",,,,"113",,,,43173,0.9430584,0.9430584,0,43173,21237,1882,38,14084,0,2424,3508
"ACSSF","us","860","00","0013582",,,,,,,,,,,,,,,,,,,,,,,,,,,,,,"11375",,,,,,,,"86000US11375","ZCTA 11375",,,"ZCTA 11375","11311375","5152092","0",,,,"113",,,,72615,1.989234,1.989234,0,72615,42121,2363,106,20742,9,2689,4585
"ACSSF","us","860","00","0013583",,,,,,,,,,,,,,,,,,,,,,,,,,,,,,"11377",,,,,,,,"86000US11377","ZCTA 11377",,,"ZCTA 11377","11311377","6569937","0",,,,"113",,,,82021,2.536667,2.536667,0,82021,35187,2457,207,30037,0,7512,6621
"ACSSF","us","860","00","0013584",,,,,,,,,,,,,,,,,,,,,,,,,,,,,,"11378",,,,,,,,"86000US11378","ZCTA 11378",,,"ZCTA 11378","11311378","6674051","122157",,,,"113",,,,39033,2.624031,2.576866,0.04716508,39033,25460,597,94,4811,28,6076,1967
"ACSSF","us","860","00","0013585",,,,,,,,,,,,,,,,,,,,,,,,,,,,,,"11379",,,,,,,,"86000US11379","ZCTA 11379",,,"ZCTA 11379","11311379","5373686","0",,,,"113",,,,37780,2.074792,2.074792,0,37780,28321,377,118,4356,0,3080,1528
"ACSSF","us","860","00","0013587",,,,,,,,,,,,,,,,,,,,,,,,,,,,,,"11411",,,,,,,,"86000US11411","ZCTA 11411",,,"ZCTA 11411","11411411","3025168","0",,,,"114",,,,20473,1.168024,1.168024,0,20473,930,18631,14,81,0,427,390
"ACSSF","us","860","00","0013588",,,,,,,,,,,,,,,,,,,,,,,,,,,,,,"11412",,,,,,,,"86000US11412","ZCTA 11412",,,"ZCTA 11412","11411412","4265900","0",,,,"114",,,,37987,1.647073,1.647073,0,37987,945,32799,391,920,89,1713,1130
"ACSSF","us","860","00","0013589",,,,,,,,,,,,,,,,,,,,,,,,,,,,,,"11413",,,,,,,,"86000US11413","ZCTA 11413",,,"ZCTA 11413","11411413","8039785","61151",,,,"114",,,,41810,3.127789,3.104178,0.02361053,41810,940,37697,129,486,74,1546,938
"ACSSF","us","860","00","0013590",,,,,,,,,,,,,,,,,,,,,,,,,,,,,,"11414",,,,,,,,"86000US11414","ZCTA 11414",,,"ZCTA 11414","11411414","5988196","206511",,,,"114",,,,27672,2.39179,2.312056,0.07973435,27672,21506,1162,0,1420,0,1898,1686
"ACSSF","us","860","00","0013591",,,,,,,,,,,,,,,,,,,,,,,,,,,,,,"11415",,,,,,,,"86000US11415","ZCTA 11415",,,"ZCTA 11415","11411415","1465819","0",,,,"114",,,,18464,0.5659559,0.5659559,0,18464,11214,959,253,3087,6,1970,975
"ACSSF","us","860","00","0013592",,,,,,,,,,,,,,,,,,,,,,,,,,,,,,"11416",,,,,,,,"86000US11416","ZCTA 11416",,,"ZCTA 11416","11411416","1713841","0",,,,"114",,,,26087,0.6617177,0.6617177,0,26087,7070,1413,40,8348,13,6504,2699
"ACSSF","us","860","00","0013593",,,,,,,,,,,,,,,,,,,,,,,,,,,,,,"11417",,,,,,,,"86000US11417","ZCTA 11417",,,"ZCTA 11417","11411417","2898408","0",,,,"114",,,,31156,1.119082,1.119082,0,31156,9768,2575,107,9558,3,6453,2692
"ACSSF","us","860","00","0013594",,,,,,,,,,,,,,,,,,,,,,,,,,,,,,"11418",,,,,,,,"86000US11418","ZCTA 11418",,,"ZCTA 11418","11411418","4225703","0",,,,"114",,,,37666,1.631553,1.631553,0,37666,14804,3041,354,8817,0,7160,3490
"ACSSF","us","860","00","0013595",,,,,,,,,,,,,,,,,,,,,,,,,,,,,,"11419",,,,,,,,"86000US11419","ZCTA 11419",,,"ZCTA 11419","11411419","2899292","0",,,,"114",,,,47955,1.119423,1.119423,0,47955,4066,6522,270,18425,44,14294,4334
"ACSSF","us","860","00","0013596",,,,,,,,,,,,,,,,,,,,,,,,,,,,,,"11420",,,,,,,,"86000US11420","ZCTA 11420",,,"ZCTA 11420","11411420","5380501","0",,,,"114",,,,47266,2.077423,2.077423,0,47266,6846,11976,743,14991,113,7766,4831
"ACSSF","us","860","00","0013597",,,,,,,,,,,,,,,,,,,,,,,,,,,,,,"11421",,,,,,,,"86000US11421","ZCTA 11421",,,"ZCTA 11421","11411421","3341502","0",,,,"114",,,,39654,1.290161,1.290161,0,39654,14031,2270,148,7715,0,9538,5952
"ACSSF","us","860","00","0013598",,,,,,,,,,,,,,,,,,,,,,,,,,,,,,"11422",,,,,,,,"86000US11422","ZCTA 11422",,,"ZCTA 11422","11411422","5190975","119987",,,,"114",,,,32786,2.050574,2.004247,0.04632724,32786,2430,27518,111,809,0,953,965
"ACSSF","us","860","00","0013599",,,,,,,,,,,,,,,,,,,,,,,,,,,,,,"11423",,,,,,,,"86000US11423","ZCTA 11423",,,"ZCTA 11423","11411423","3665705","0",,,,"114",,,,29532,1.415337,1.415337,0,29532,3767,11223,201,8812,0,4279,1250
"ACSSF","us","860","00","0013600",,,,,,,,,,,,,,,,,,,,,,,,,,,,,,"11424",,,,,,,,"86000US11424","ZCTA 11424",,,"ZCTA 11424","11411424","93143","0",,,,"114",,,,40,0.03596272,0.03596272,0,40,13,27,0,0,0,0,0
"ACSSF","us","860","00","0013601",,,,,,,,,,,,,,,,,,,,,,,,,,,,,,"11425",,,,,,,,"86000US11425","ZCTA 11425",,,"ZCTA 11425","11411425","87352","0",,,,"114",,,,0,0.0337268,0.0337268,0,0,0,0,0,0,0,0,0
"ACSSF","us","860","00","0013602",,,,,,,,,,,,,,,,,,,,,,,,,,,,,,"11426",,,,,,,,"86000US11426","ZCTA 11426",,,"ZCTA 11426","11411426","3501239","0",,,,"114",,,,20222,1.351836,1.351836,0,20222,6927,1219,77,8689,0,2117,1193
"ACSSF","us","860","00","0013603",,,,,,,,,,,,,,,,,,,,,,,,,,,,,,"11427",,,,,,,,"86000US11427","ZCTA 11427",,,"ZCTA 11427","11411427","4094801","0",,,,"114",,,,25096,1.581012,1.581012,0,25096,5949,5452,353,8329,0,3451,1562
"ACSSF","us","860","00","0013604",,,,,,,,,,,,,,,,,,,,,,,,,,,,,,"11428",,,,,,,,"86000US11428","ZCTA 11428",,,"ZCTA 11428","11411428","2154161","0",,,,"114",,,,19830,0.8317263,0.8317263,0,19830,3483,3888,71,5836,39,4678,1835
"ACSSF","us","860","00","0013605",,,,,,,,,,,,,,,,,,,,,,,,,,,,,,"11429",,,,,,,,"86000US11429","ZCTA 11429",,,"ZCTA 11429","11411429","3351024","0",,,,"114",,,,27808,1.293838,1.293838,0,27808,1161,19879,226,1066,27,3845,1604
"ACSSF","us","860","00","0013606",,,,,,,,,,,,,,,,,,,,,,,,,,,,,,"11430",,,,,,,,"86000US11430","ZCTA 11430",,,"ZCTA 11430","11411430","18127150","364255",,,,"114",,,,220,7.139572,6.998932,0.1406396,220,51,146,0,8,0,15,0
"ACSSF","us","860","00","0013607",,,,,,,,,,,,,,,,,,,,,,,,,,,,,,"11432",,,,,,,,"86000US11432","ZCTA 11432",,,"ZCTA 11432","11411432","5566878","0",,,,"114",,,,64282,2.149384,2.149384,0,64282,11250,11532,398,27346,171,9319,4266
"ACSSF","us","860","00","0013608",,,,,,,,,,,,,,,,,,,,,,,,,,,,,,"11433",,,,,,,,"86000US11433","ZCTA 11433",,,"ZCTA 11433","11411433","4012831","0",,,,"114",,,,36929,1.549363,1.549363,0,36929,1845,22808,95,4755,8,5876,1542
"ACSSF","us","860","00","0013609",,,,,,,,,,,,,,,,,,,,,,,,,,,,,,"11434",,,,,,,,"86000US11434","ZCTA 11434",,,"ZCTA 11434","11411434","8465071","106288",,,,"114",,,,62590,3.30942,3.268382,0.04103803,62590,2657,52093,155,2057,0,3465,2163
"ACSSF","us","860","00","0013610",,,,,,,,,,,,,,,,,,,,,,,,,,,,,,"11435",,,,,,,,"86000US11435","ZCTA 11435",,,"ZCTA 11435","11411435","3958936","0",,,,"114",,,,59392,1.528554,1.528554,0,59392,10510,15490,325,13085,0,16936,3046
"ACSSF","us","860","00","0013611",,,,,,,,,,,,,,,,,,,,,,,,,,,,,,"11436",,,,,,,,"86000US11436","ZCTA 11436",,,"ZCTA 11436","11411436","2054423","0",,,,"114",,,,18955,0.7932172,0.7932172,0,18955,921,11560,43,1691,0,3364,1376
